CODE,DESCRIPTIONDE
0BV,
0DL,Loggerverbau
100,NUTZLASTERHOEHUNG
102,VERSTAERKTE BREMSEN
103,GANZJAHRE REIFEN
104,NAHOST-VERSION
105,AUFTRAGSSTEUERUNG BUND
106,SECURITY
107,VORBEREITUNG FAHRTENSCHREIBER
108,MOTORWEITERLAUFSCHALTUNG
109,SECURITY PLUS
110,VORBEREITUNG MONTAGE NOTARZTSCHILD
111,HIGH SECURITY
112,BEKLEBUNG LEUCHTROT RAL3024
113,BEKL. POLIZEI BAYERN MINZGR. HELL
114,BEKLEBUNG POLIZEI (MINZGRUEN)
115,BEKLEBUNG NOTARZT NRW
116,STANDARTENHALTER LINKS
117,STANDARTENHALTER RECHTS
118,REDUZIERUNG HOECHSTGESCHWINDIGKEIT
119,ELEKTRIK ZUSATZMODUL
120,BASISAUSSTATTUNG
121,HALTERUNG ANHALTEKELLE
122,HALTERUNG EINSATZSTOECKE
123,ZUSATZ-INNENSPIEGEL
124,BEHOERDENDACHHIMMEL
125,BEHOERDENINNENAUSSTATTUNG OFFEN
126,BEHOERDENINNENAUSSTATTUNG GETARNT
127,WAFFENHALTERUNG AN BEIFAHRERTUER
129,WAFFENHALTERUNG IM DACH VORN
130,WAFFENKASTEN
131,WAFFENHALTERUNG
138,VORBEREITUNG EINSATZFAHRZEUG
139,RUNDUMKENNLEUCHTE BLAU
13A,BELADUNG POLIZEI OFFEN
140,"1RKLE 130,TONFOLGE,POLIZEISCHALTUNG"
141,TONFOLGESIGNALANLAGE
142,RUNDUMKENNLEUCHTEN BLAU
143,ALARMSCHALTER M.POLIZEISCHALTUNG
144,RKA I ABNEHMB.TONF.POLIZEISCH.
145,BEDIEN. WARNANL.M.FEUERWEHRSCHALT.
146,ZUSAETZLICHE ENERGIEVERSORGUNG
147,RUNDUMKENNLEUCHTE ABNEHMBAR
148,IDRIVE-BEDIENUNG SONDERSIGNALANLAGE
149,DOPPELBLITZLEUCHTE ABNEHMBAR
150,VB MONTAGE RTK-4 FUER HANDAPPARAT
151,SONDERSIGNALANLAGE HELLA RTK-6
152,SONDERSIGNALANLAGE VAMA
153,DACHAUFSATZ OHNE SONDERSIGNALANLAGE
155,MONTAGE ANGELIEFERTER TOP-4
159,MONTAGE AERO-DYNIC-ANLAGE
160,MONTAGE BECKER SIGNALANLAGE LU 322
161,ABGASNORM EU5
162,VORBEREITUN FUER MONTAGE MARTINHORN
163,BMW DIESEL MIT BLUE PERFORMANCE
165,DEAKTIVIERUNG ITS
166,VB MONTAGE ANHALTESIGNAL HUTABLAGE
167,ABGASNORM EU4
168,ABGASNORM EU2
169,ABGASNORM EU3
170,VORBEREITUNG EINBAU AEG TELEDUX
171,VB EINBAU FUG ASCOM
172,ANPASSUNG ETHANOLHALTIGER KRAFTSTOF
173,VB FUG 7B/8B/9C KPL.HANDSCHUHKASTEN
174,VORB. FUG 8B/9C KPL. HANDSCH.
175,VORB. FUG 8B U. 9C
176,VORB. FUG 8B/9C ABGESETZT
178,HALTERUNG FUER HANDFUNKGERAETE
179,REIZGASSENSOREN
180,DACHANTENNE
181,MONTAGE HECKANTENNE
182,FEUERLOESCHANLAGE
183,VORBEREITUNG FUER AKT.VERTEIDUNG
184,NOTAUSSTIEG UEBER FRONTSCHEIBE
185,EINSATZFAHRZEUG OFFEN
186,EINSATZFAHRZEUG GETARNT
187,BODENSCHUTZ
188,"TUERSCHEIBE ABSENKBAR, VORNE LI + RE"
189,"TUERSCHEIBE ABSENKBAR, VO + HI"
190,WECHSELSPRECHANLAGE
191,"TUERSCHEIBE ABSENKBAR, VORNE RECHTS"
192,"TUERSCHEIBE ABSENKBAR, VORNE LINKS"
193,ENTFALL BEHEIZ. FRONT-SEITENSCHEIBE
194,FERNSTARTANLAGE
195,ZUSAETZLICHE BODENPANZERUNG
196,KRAFTSTOFFTANK AUSLAUFHEMMEND
197,AKUSTISCHE UND OPTISCHE ALARMANLAGE
198,ZUSAETZLICHE FRISCHLUFTANLAGE
199,AUSSTATTUNG BLEIHALTIGER KRAFTSTOFF
1A1,AUSST.F.KRAFTST.M.VERKOK.NEIGUNG
1AA,55 KW MOTORVARIANTE
1AE,FLEXIBLE FUEL
1AF,VERGROESSERTES KRAFTSTOFFEINFUELLRO
1AG,GROESSERER KRAFTSTOFFTANK
1AK,AUSSENLIEGENDER KRAFTSTOFFFILTER
1CA,SELEKTION COP RELEVANTER FAHRZEUGE
1CB,CO2 UMFANG
1CC,AUTO START STOP FUNKTION
1CD,BRAKE ENERGY REGENERATION
1MA,SPORTABGASANLAGE
200,DIESELPARTIKELFILTER
201,RAPSMETHYLESTER-AUSFUEHRUNG (RME)
202,STEPTRONIC
203,ALLRADSYSTEM
204,ANTRIEBSAUSLEGUNG EXPORT
205,AUTOMATIC GETRIEBE
206,SEQUENZIELLES MANUELLES GETRIEBE
207,6-GANG-SCHALTGETRIEBE
208,ENTFALL DSCIII
209,SPERRDIFFERENTIAL 25%
210,DYNAMISCHE STAB. CONTROL (DSC)
211,DYNAMISCHE-STABILITAETS-CONTROL DSC
212,AUSSTATTUNG BREMSANLAGE LAENDER
213,HILL DESCENT CONTROL (HDC)
214,AUT.STABIL.-CONTROL+TRACTION(ASC+T)
215,"SERVOLENKUNG, DREHZAHLABHAENGIG"
216,SERVOTRONIC
217,AKTIVLENKUNG
218,SPORT-LEDERLENKRAD II
219,SPORTLEDERLENKRAD
21A,"18""M LM RAEDER  DOPPELSP. 461 M FER"
21B,"18""M LM RAED.  DO.SP.441 M FERRICGR"
21C,"19""M LM R.DO.SP.BICOLOR ORBITGRAU M"
21D,"18""M LM RAED.DO.SPEICHE 570 BICOLOR"
21E,"19""M LM RAED.DO.SPEICHE 572 BICOLOR"
21F,"19""M LM RAED.DO.SPEI. 647 BICOL./MB"
21G,"19""M LM RAED.DO.SPEI. 647 BICOLOR"
21H,"20""M LM RAED.DO.SPEI. 648 BICOL./MB"
21L,"18""M LM RA. DO.SP. 461 M FER.SPORTR"
21N,"18""M LM RAED.DO.SPEI. 662 M/MB"
21P,"19""M LM RAED.DO.SPEI. 664 M/MB"
21R,"19""M LM RAED.DO.SPEI. 664 M/MB SCHW"
21T,"20""M LM RAED.ST.SPEI. 666 M/GE. MB"
21U,18''M LM RAED.DO.SP.436M/MB ORBITGR
21V,18''M LM RAED.DO.SP.436M ORBITGRAU
21W,"19""M LM RAED.DO.SPEI. 704M /MB"
21X,"18""M LM RAED.DO.SPEI. 662 M"
21Y,"20""M LM RAED.DO.SPEI. 703M BI./MB U"
21Z,"20""M LM RAED.DO.SPEI. 703M BI./MB"
220,NIVEAUREGULIERUNG
221,2 ACHS NIVEAUREGULIERUNG
222,ELEKTRONISCHE-DAEMPFER-CONTROL(EDC)
223,ELEKTRONISCHE DAEMPFER CONTROL(EDC)
224,FAHRDYNAMIK CONTROL
225,SERIENFAHRWERK
226,SPORTLICHE FAHRWERKSABSTIMMUNG
227,SPORTL.FAHRW. MIT NIVEAUREGULIERUNG
228,SPORTLICHE FAHRWERKSABSTIMMUNG PLUS
229,DYNAMIC DRIVE
22A,"19""M LM RAED.DO.SPEI. 705 M /MB"
22B,
22C,"19"" M-LM RD.  DP.-SP, 664 M CERIUMG"
22D,"19"" M-LM   DP.-SP, 664 M CER-GR  MB"
22E,"20"" M-LM   DP.-SP, 668 M MB/SPORT.R"
22F,"19"" M-LM   DOPPEL-SP  664 M MB"
22M,"20""M LM RAED.DO.SPEI. 760M MB/NOTLA"
22N,"20""M LM RAED.DO.SPEI. 760M MB"
230,EU SPEZIFISCHE ZUSATZUMFAENGE
231,AUFHEBUNG VMAX-ABREGELUNG
232,LM RAEDER/RADIALSPEICHE 50
233,ERHOEHTE ANHAENGELAST
234,ANHAENGERKUPPLUNG HOEHENVERSTELLBAR
235,"ANHAENGERKUPPLUNG, KOPF ABNEHMBAR"
236,LM RAEDER MIT MISCHBEREIFUNG
238,LM RAEDER/ DOPPELSPEICHE 93
239,LM RAEDER/ VIELSPEICHE 94
23A,"16""LM RAEDER V-SPEICHE 656"
23C,"18""LM RAEDER V-SPEICHE 658/MB"
23D,"17""LM RAEDER V-SPEICHE 412 BICOLOR"
23E,"17""LM RAEDER V-SPEICHE 560"
23F,"17""LM RAEDER V-SPEICHE 618"
23G,"18""LM RAEDER V-SPEICHE 642 M.NOTLAU"
23H,"18""LM RAEDER V-SPEICHE 642"
23K,"19""LM RAEDER V-SPEICHE 620/MB U.NOT"
23L,"19""LM RAEDER V-SPEICHE 620"
23M,"17""LM RAEDER V-SPEICHE  683"
23N,"18""LM RA.V-SPEI. 398 M.SP.R /MB, SC"
23P,"18""LM RAED.V-SPEI. 398 M.SP.R /MB"
23R,"18""LM RAEDER V-SPEICHE 658"
23T,"17""LM RAEDER V-SPEICHE 618 NOTL."
23U,"17""LM RAEDER V-SPEICHE 631"
23V,"17""LM RAEDER V-SPEICHE 631 NOTL."
23W,"18""LM RAEDER V-SPEICHE 684"
23X,"18""LM RAEDER V-SPEICHE 684 NOTL."
29F,"19""LM RAEDER VIEL-SPEICHE 633"
29G,"19""LM RAEDER VIEL-SPEICHE 633/MB/NL"
29H,"19""LM RAEDER VIEL-SPEICHE 633 NOTL"
2A0,18LM RAEDER DOPPELSPEICHE 385
2A1,19LM RAEDER DOPPELSPEICHE 309
2A2,18LM RAEDER DOPPELSPEICHE 421
2A3,19LM RAEDER DOPPELSPEICHE 424
2A4,19LM RAEDER DOPPELSPEICHE 401/MB
2A5,18LM RAEDER DOPPELSPEICHE 397
2A6,17LM RAEDER DOPPELSPEICHE 392
2A7,18LM RAEDER DOPPELSPEICHE 385/ MB
2A8,19M LM RAEDER DOPPELSPEICHE 369 M
2A9,18LM RAEDER DOPPELSPEICHE 313/ MB
2AA,LM RAEDER ELLIPSOIDSTYLING 46
2AB,LM RAEDER/ELLIPSOIDSP.162/MISCHB.
2AC,LM RAEDER ELLIPSOIDSTYLING 109
2AD,LM RAEDER ELLIPSOIDSP. 202 MISCHB.
2AE,LM RAEDER TURBINENSTYLING 292/MB
2AF,LM  RAEDER TURBINENSTYLING 271
2AG,LM RAEDER WABENSTYLING 323/MB
2AH,LM RAEDER TURBINENSTY.329/MB
2AK,LM RAEDER TURBINENSTY.329
2AL,LM RAEDER STREAMLINE 297/MB
2AM,LM RAEDER STREAMLINE 306
2AN,LM RAEDER STREAMLINE 363
2AP,17LM RAEDER STREAMLINE 370/MB
2AR,19 LM RAEDER STREAMLINE 357
2AS,17LM RAEDER TURBINENSTYLING 381
2AT,16LM RAEDER STREAMLINE 306
2AU,18LM RAEDER STREAMLINE 364
2AV,19LM RAEDER TURBINENSTYLING 452
2AW,20LM RAEDER TURBINENSTYLING 457/MB
2AX,18LM RAEDER TURBINENSTYLING 452
2AY,19LM RAEDER TURBINENSTYLING 453
2AZ,18LM RAEDER DOPPELSPEICHE 446
2B0,17LM RAEDER TENTACLE SPOKE SILBER
2B1,LM RAEDER DOPPELSPEICHE 278/AS
2B2,LM RAEDER DOPPELSPEICHE 316/MB
2B3,LM RAEDER DOPPELSPEICHE 321
2B4,LM RAEDER DOPPELSPEICHE 195
2B5,"20""BMW I LMR.W-SPEICHE 470/ANT/MB"
2B6,LM RAEDER DOPPELSPEICHE 313M
2B7,LM RAEDER DOPPELSP. 309 M.MISCHBER.
2B8,LM RAEDER STERNSPEICHE 304
2B9,LM RAEDER STERNSPEICHE 276
2BA,LM RAEDER DOPPELSPEICHE 88
2BB,LM RAEDER DOPPELSPEICHE 98
2BC,LM RAEDER DOPPELSPEICHE 111
2BD,LM RAEDER DOPPELSPEICHE 112
2BE,LM RAEDER DOPPELSPEICHE 148
2BF,LM RAEDER DOPPELSPEICHE 154
2BG,LM RAEDER DOPPELSP.161/MISCHB.
2BH,LM RAEDER DOPPELSPEICHE 156
2BK,LM R. DOPPELSPEICHE 174
2BL,LM R. DOPPELSPEICHE 174/NOTLAUF
2BM,LM RAEDER DOPPELSPEICHE 116
2BN,LM RAEDER DOPPELSPEICHE 205
2BP,LM RAEDER DOPPELSPEICHE 205 A/S
2BQ,BREMSSAETTEL LACKIERT
2BR,LM RAEDER DOPPELSPEICHE 247/NL/MB
2BS,LM RAEDER DOPPELSPEICHE 247/NL
2BT,LM RAEDER DOPPELSPEICHE 222
2BU,LM RAEDER DOPPELSPEICHE 120 /AS
2BV,LM RAEDER DOPPELSPEICHE 266 /MB
2BW,LM RAEDER DOPPELSPEICHE 268
2BX,LM RAEDER DOPPELSPEICHE 253 / MB
2BY,LM RAEDER DOPPELSPEICHE 278/NL
2BZ,LM RAEDER DOPPELSPEICHE 161
2C0,LM RADER STERNSP. 124 MIT NOTLAUF
2C1,LM R. STERNSPEICHE 175
2C2,LM R. STERNSPEICHE 175/NOTLAUF
2C3,LM R. 5-STAR ROCKET M. ALL-SEASON
2C4,LM RAEDER STERNSPEICHE 157
2C5,LM RAEDER STERNSPEICHE 185
2C6,LM RAEDER STERNSPEICHE 189 MISCH.
2C7,LM RAEDER STERNSP. 218 NOTL. MISCHB
2C8,LM RAEDER STERNSPEICHE 200
2C9,LM RAEDER STERNSPEICHE 209
2CA,LM RAEDER STERNSPEICHE 119
2CB,LM RAEDER STERNSPEICHE 113
2CC,LM RAEDER STERNSPEICHE 132
2CD,LM RAEDER STERNSPEICHE 136
2CE,LM RAEDER STERNSPEICHE 137
2CF,LM RAEDER STERNSP. 138 MIT NOTLAUF.
2CG,LM RAEDER STERNSPEICHE 140
2CH,LM RAEDER STERNSPEICHE 142/MISCHB..
2CK,LM RAEDER STERNSPEICHE 143
2CL,LM RAEDER 5-STAR ROCKET
2CM,LM RAEDER 5-STAR BULLET M. NOTLAUF.
2CN,LM RAEDER 5-STAR BULLET M AS BEREIF
2CP,LM RAEDER STERNSP. 137 M AS BEREIF.
2CR,LM RAEDER STERNSPEICHE 153
2CS,LM RAEDER STERNSPEICHE 113
2CT,LM RAEDER STERNSPEICHE 151
2CU,LM RAEDER STERNSPEICHE 169
2CV,LM RAEDER STERNSPEICHE 170
2CW,LM RAEDER STERNSPEICHE 171
2CX,LM RAEDER STERNSPEICHE 155
2CY,LM RAEDER STERNSPEICHE 158
2CZ,LM RAEDER STERNSPEICHE 159
2D0,17LM RAEDER STERNSPEICHE 478
2D1,LM RAEDER STERNSPEICHE 262
2D2,LM RAEDER STERNSPEICHE 272
2D3,18LM RAEDER STERNSPEICHE 365
2D4,19LM RAEDER STERNSPEICHE 449
2D5,19LM RAEDER STERNSPEICHE 407
2D6,19BMW I LM RAED.STERNSP. 427/ED
2D7,19BMW I LM RAED.STERN.427/MB/ED
2D8,19LM RAEDER STERNSPEICHE 606
2D9,19LM RAEDER STERNSPEICHE 606/MB
2DA,LM RAEDER KREUZSPEICHE 197/MB
2DB,LM RAEDER STERNSPEICHE 327
2DC,LM RAEDER STERNSPEICHE 330/MB
2DD,LM RAEDER STERNSPEICHE 330
2DE,LM RAEDER STERNSPEICHE 334
2DF,LM RAEDER STERNSPEICHE 339
2DG,LM RAEDER STERNSPEICHE 340
2DH,LM RAEDER STERNSPEICHE 340/MB
2DK,LM RAEDER STERNSPEICHE 341/MB
2DL,LM RAEDER STREAMLINE 357 M.MISCHBER
2DM,17LM RAEDER STERNSPEICHE 371
2DN,LM RAEDER STERNSPEICHE 365/MB
2DP,LM RAEDER STERNSPEICHE 367/MB
2DR,16LM RAEDER STERNSPEICHE 376
2DS,16LM RAEDER STERNSPEICHE 377
2DT,17LM RAEDER STERNSPEICHE 379
2DU,17LM RAEDER STERNSPEICHE 382/MB
2DV,16LM RAEDER STERNSPEICHE 391
2DW,17LM RAEDER STERNSPEICHE 393
2DX,17LM RAEDER STERNSPEICHE 394
2DY,18LM RAEDER STERNSPEICHE 396
2DZ,18LM RAEDER STERNSPEICHE 365/AS
2E1,18LM RAEDER Y-SPEICHE 607
2E2,19LM RAEDER Y-SPEICHE 608
2E3,19LM RAEDER Y-SPEICHE 608/MB
2E8,18LM RAEDER CONE SPOKE SILBER
2E9,18LM RAEDER CONE SPOKE WEISS
2EA,LM RAEDER Y-SPEICHE 149/MISCHB.
2EB,LM RAEDER Y-SPEICHE 305
2EC,LM RAEDER Y-SPEICHE 308
2ED,17LM RAEDER ROULETTE SPOKE 2-TONE
2EE,18LM RAED. MINI YOURS VANITY SPO.2
2F0,15LM RAEDER HELI SPOKE SILBER
2F1,17LM RAEDER COSMOS SPOKE SILBER
2F2,17LM RAEDER COSMOS SPOKE SCHWARZ
2F3,16LM RAEDER LOOP SPOKE SILBER
2F5,17LM RAEDER 5 HOLE BLACK STAR
2F6,17LM RAED.INFINITE STREAM SPOKE WE
2F7,17LM RAED.MINI YOURS TWIN SPOKE TU
2F8,17LM RAEDER TWIN SPOKE SCHWARZ MIT
2F9,18LMR TWIN SPOKE BLACK BURNISHED
2FA,LM RAEDER V-SPEICHE 372 / MB
2FB,LM RAEDER V-SPEICHE 366 / MB
2FC,16LM RAEDER V-SPEICHE 411
2FD,16 LM RAEDER V-SPEICHE 378
2FE,17 LM RAEDER V-SPEICHE 412
2FF,19LM RAEDER V-SPEICHE 366/AS
2FG,19LM RAEDER STERNSPEICHE 367/AS
2FH,16LM RAEDER V-SPEICHE 390
2FK,17LM RAEDER V-SPEICHE 413
2FL,17LM RAEDER V-SPEICHE 395/MB
2FM,18LM RAEDER V-SPEICHE 398/MB
2FN,19LM RAEDER V-SPEICHE 324/MB
2FP,19LM RAEDER V-SPEICHE 426/MB
2FR,18LM RAEDER V-SPEICHE 425
2FS,19''LM RAEDER V-SPEICHE 426
2FT,17LM RAEDER V-SPEICHE 514/MB
2FU,18LM RAEDER V-SPEICHE 515/MB
2FV,19LM RAEDER V-SPEICHE 366
2FW,17LM RAEDER V-SPEICHE 621
2FX,16LM RAEDER V-SPEICHE 471
2FY,17LM RAEDER V-SPEICHE 479
2FZ,18LM RAEDER V-SPEICHE 485
2G1,17LM RAED. J C.W  RACE SPOKE SILBE
2G2,17LM RAED. J C.W  RACE SPOKE SCHWA
2G3,"16LM RAEDER TURBINENSTY.472, BMW E"
2G4,20BMW I LM RAED.TURBINENST.444/MB
2G5,19BMW I LM RAED.TURBINENST.428/MB
2G6,19BMW I LM RAED.TURBINENST.429/MB
2G7,19LM RAEDER TURBINENSTYLING 402/MB
2G8,18LM RAEDER TURBO FAN ANTHRAZIT MA
2G9,17LM RAEDER 5-STAR DOUBLE SPOKE SC
2GA,LM RAEDER 5-STAR TWIN SPOKE
2GB,LM RAEDER 4-HOLE CIRCULAR SPOKE
2GC,LM RAEDER 6-STAR TWIN SPOKE
2GD,LM RAEDER CONICAL SPOKE
2GE,LM RAED MINI YOURS TWIN BLADE SPOKE
2GF,17'' LM RAEDER SANDBLAST TURNED
2GG,19LMR CROSS SPOKE CRUSHER
2GH,16LM RAEDER 6-STAR TWIN SPOKE SCHW
2GK,17LM RAEDER DOUBLE CROSS TURNED BL
2GL,15STEEL WHEELS BLACK
2GM,LM RAEDER 5-STAR SINGLE SPOKE
2GN,LM RAEDER 5-HOLE CIRCULAR SPOKE
2GP,LM RAEDER 5-STAR DOUBLE SPOKE
2GR,LM RAEDER TUNNEL SPOKE
2GS,17LM RAEDER CONICAL SPOKE SCHWARZ
2GT,LM RAEDER TURBO FAN
2GU,LM RA.5-STAR D.SPOKE COMP.JET BLACK
2GV,LM RAED 5-STAR D.SP.COMP.LI.ANTR.
2GW,17LM RAEDER 5-STAR DOUBLE SPOKE AN
2GY,16LM RAEDER VICTORY SPOKE SILBER
2GZ,16LM RAEDER VICTORY SPOKE SCHWARZ
2H1,LM RAEDER VIELSPEICHE 235
2H2,18LM RAEDER VIELSPEICHE 416
2H3,17LM RAEDER VIELSPEICHE 414
2H4,19LM RAEDER VIELSPEICHE 448
2H5,19LM RAEDER VIELSPEICHE 458
2H6,20LM RAEDER VIELSPEICHE 459/MB
2H7,19LM RAEDER V-SPEICHE 450
2H8,18LM RAEDER V-SPEICHE 152/MB
2H9,20LM RAEDER V-SPEICHE 356/MB/NL
2HA,LM RAEDER RADIALSPEICHE 139
2HB,LM RAEDER RADIALSPEICHE 160
2HC,LM RAEDER RADIALSPEICHE 187
2HD,LM RAEDER RADIALSP. 190 MISCH.
2HE,LM RAEDER RADIALSP. 32 NOTL.MISCHB.
2HF,LM RAEDER RADIALSP. 32 NOTL.
2HG,LM RAEDER RADIALSP. 244
2HH,LM RAEDER RADIALSP. 244 / NL
2HK,LM RAEDER RADIALSP. 216 / MB
2HL,LM RAEDER RADIALSPEICHE 252 / MB
2HM,LM RAEDER RADIALSPEICHE 237
2HN,17LM RAEDER PROPELLER SPOKE 2-TONE
2HP,20BMW I LM RAED.TURBINENST.625/MB
2HX,17LM RAED. J C W TRACK SPOKE SILBE
2HY,17LM RAED. J C W TRACK SPOKE SCHWA
2HZ,LM RAEDER MULTI SPOKE
2K0,LM RAEDER V-SPEICHE 304
2K1,LM RAEDER V-SPEICHE 236
2K2,LM RAEDER V-SPEICHE 328
2K3,LM RAEDER V-SPEICHE 331/MB
2K4,LM RAEDER V-SPEICHE 331
2K5,LM RAEDER V-SPEICHE 338
2K6,LM RAEDER V-SPEICHE 342 / MB
2K7,LM RAEDER DOPPELSPEICHE 238/MB
2K8,LM RAEDER V-SPEICHE 307
2K9,LM RAEDER V-SPEICHE 360
2KA,LM RAEDER V-SPEICHE 110
2KB,LM RAEDER V-SPEICHE 130
2KC,LM RAEDER V-SPEICHE 141
2KD,LM RAEDER V-SPEICHE 168
2KE,LM RAEDER V-SPEICHE 188 MISCH.
2KF,LM RAEDER V-SPEICHE 217 MIT MISCHB.
2KG,LM RAEDER V-SPEICHE 188 M. ALL SEAS
2KH,LM RAEDER V-SPEICHE 229
2KK,LM RAEDER V-SPEICHE 206 M/B
2KL,LM RAEDER V-SPEICHE 245
2KM,LM RAEDER V-SPEICHE 245 / NL
2KN,LM RAEDER V-SPEICHE 255
2KP,LM RAEDER V-SPEICHE 248
2KR,LM RAEDER V-SPEICHE 257
2KS,LM RAEDER V-SPEICHE 254
2KT,LM RAEDER V-SPEICHE 277/NL
2KU,LM RAEDER V-SPEICHE 285
2KV,LM RAEDER V-SPEICHE 294/MB
2KW,LM RAEDER V-SPEICHE 296/MB
2KX,LM RAEDER V-SPEICHE 279
2KY,LM RAEDER V-SPEICHE 277/AS
2KZ,LM RAEDER V-SPEICHE 318
2L0,17LM RAEDER V-SPEICHE 236 I.KOM.M.
2L1,19LM RAEDER VIELSPEICHE 399/MB
2L2,18LM RAEDER V-SPEICHE 387/MB
2L3,17LM RAEDER V-SPEICHE 395
2L6,20LM RAEDER V-SPEICHE 597/MB
2L7,18LM RAEDER DOPPELSPEICHE 384
2L8,19LM RAEDER DOPPELSPEICHE 466 /MB
2L9,18LM RAEDER DOPPELSPEICHE 384/MB
2LA,LM RAEDER Y-SPEICHE 114 M. MISCH.
2LB,LM RAEDER Y-SPEICHE 131
2LC,LM RAEDER Y-SPEICHE 183
2LD,LM RAEDER Y-SPEICHE 211
2LE,LM RAEDER Y-SPEICHE 214 M. MISCH.
2LF,LM RAEDER Y-SPEICHE 280
2LG,LM RAEDER Y-SPEICHE 315/MB
2LH,LM RAEDER Y-SPEICHE 322/MB
2LK,LM RAEDER Y-SPEICHE 335
2LL,LM RAEDER Y-SPEICHE 335/MB
2LM,LM RAEDER Y-SPEICHE 336/MB
2LN,LM RAEDER Y-SPEICHE 315
2LP,17 LM RAEDER Y-SPEICHE 380
2LR,18LM RAEDER Y-SPEICHE 322
2LS,20LM RAEDER Y-SPEICHE 451/MB
2LT,19LM RAEDER Y-SPOKE ANTHRAZIT HELL
2LU,17LM RAEDER Y-SPEICHE 480
2LV,18LM RAEDER Y-SPEICHE 484
2LX,LM RAEDER Y-SPEICHE 337/MB
2LY,18LM RAED. J C W CUP SPOKE 2-TONE
2LZ,18LM RAEDER V-SPEICHE 387
2M0,"INDIVIDUAL LM RAEDER 152 I, 18"
2M1,"INDIVIDUAL LM RAEDER 152 I, 19"
2M2,"INDIVIDUAL LM RAEDER 152 I, 20"
2M3,BMW INDIV. LM RAEDER V-SP.349 I
2M4,INDIVIDUAL LEDERLKR. LEDERINTARSIE
2M5,M LM RAEDER V-SPEICHE 223 M / MB
2M6,BMW INDIVIDUAL LEDERLR.M.HOLZINTARS
2M7,M HIGH-PERFORMANCE BEREIFUNG
2M8,BMW INDIV. LM RAEDER V-SP.228 I/MB
2M9,M LM RAEDER V-SPEICHE 227 M / MB
2MA,HANDSCHALTGETRIEBE
2MB,M LM RAEDER DOPPELSPEICHE 167 M
2MC,M LM RAEDER RADIALSPEICHE 166 M
2MD,M DRIVE
2ME,M LM RAEDER DOPPELSP. 194 M MISCHB.
2MF,M LM RAEDER STERNSP. 193 M MISCHB.
2MG,M LM RAEDER DOPPELSP. 207 M MISCHB.
2MH,M LM RAEDER DOPPELSP. 208 M MISCHB.
2MK,M DOPPELKUPPL. GETR. M. DRIVELOGIC
2ML,M LM RAEDER DOPPELSP. 192 M MISCHB.
2MM,M LM RAEDER Y-SPEICHE 191 M MISCHB.
2MN,M LM R. DOPPEL. 192 M MIT ALL SEASO
2MP,M LM RAEDER DOPPELSPEICHE 225 M/MB
2MR,M LM RAEDER DOPPELSP. 261 M / MB
2MS,"M LM RAEDER STERNSPEICHE 368 M, 18"
2MT,M LM RAEDER DOPPELSPEICHE 220 M/MB
2MU,M LM RAEDER STERNSPEICHE 325 M/MB
2MV,M LM RAEDER DOPPELSPEICHE 326 M/MB
2MW,BMW INDIV. LM RAEDER V-SP.265 I/MB
2MX,M LM RAEDER DOPPELSPEICHE 354 M
2MY,M LM RAEDER DOPPELSPEICHE 355 M
2MZ,BMW INDIV. LM RAEDER V-SP.349 I/MB
2N0,BMW I CARBON-KERAMIK-BREMSE
2N1,ALLOY WHEEL SILVER SHIELD
2N2,ALLOY WHEEL INFINITE STREAM SPOKE
2N3,17M LM RAEDER  STERNSP. 383 M/MB
2N4,18M LM RAEDER  STERNSP. 386 M/MB
2N6,19M LM RAEDER  Y-SPEICHE 359 M/MB
2N7,19M LM RAED. DOPPELSPEICHE 345 M/M
2N8,19M LM RAEDER  STERNSPEICHE 344 M/
2N9,20M LM RAEDER  DOPPELSPEICHE 434M
2NA,"M LM RAEDER DOPPELSPEICHE 350 M,18"
2NB,"M LM RAEDER DOPPELSPEICHE 351 M,19"
2NC,"M LM RAEDER DOPPELSP. 350 M, 18,MB"
2ND,"M LM RAEDER DOPPELSP. 351 M, 19,MB"
2NE,"M LM-RAEDER DOPPELSP. 369 M, 19/MB"
2NF,"M LM RAEDER DOPPELSP. 313 M, 18/MB"
2NG,"M LM RAEDER V_SPEICHE302 M, 19/AS"
2NH,M SPORTBREMSE
2NK,M CARBON-KERAMIK-BREMSE
2NL,20BMW INDIV.LM RAEDER V-SP.374I/MB
2NM,20 M LM RAEDER DOPPELSP.  373 M/MB
2NN,M LM R.DOPPELSP.172 M/MISCHB.
2NP,M LM RAEDER DOPPELSPEICHE 135 M
2NR,M LM  DOPPELSPEICHE 172 M
2NS,LM RAEDER DOPPELSPEICHE 288/MB
2NT,M LM RAEDER V-SPEICHE 299 M/MB
2NU,M LM RAEDER DOPPELSP. 300 M/MB
2NV,INDIV. LM RAEDER V-SPEICHE 301I/MB
2NW,M LM RAEDER V-SPEICHE 302M/MB
2NX,M LM RAEDER DOPPELSPEICHE 303M/MB
2NY,M LM RAEDER DOPPELSPEICHE 333 M/MB
2NZ,M LM RAEDER DOPPELSPEICHE 343 M/MB
2P1,19LM RAEDER W-SPEICHE 423/AS
2P2,17''LM RAEDER DOUBLE CROSS TURNED
2P3,16LM RAEDER W-SPEICHE 418
2P4,18LM RAEDER STREAMLINE 419
2P5,18LM RAEDER TURBINENSTYLING  415
2P6,LM RAEDER RIP SPOKE
2P7,LM RAEDER TWIN SPOKE WITH RED LININ
2P8,LM RAEDER CROSS SPOKE CHALLENGE
2P9,LM RAEDER SILBER
2PA,RADSCHRAUBENSICHERUNG
2PB,RADVOLLBLENDE
2PC,17M LM RAEDER  DOPPELSP.354M
2PD,18M LM RAEDER  DOPPELSP.355M/MB
2PE,18M LM RAEDER  STERNSP.400 M/MB
2PF,19M LM RAEDER  STERNSP.403 M/MB
2PG,18''M LM RAEDER DOPPELSPEICHE436M/M
2PH,20M LM RAEDER  DOPPELSPEICHE 435M
2PK,17M LM RAEDER DOPPELSP. 194 M
2PL,19M LM RAEDER  DOPPELSPEICHE 442 M
2PM,18M LM RAEDER  DOPPELSPEICHE 441 M
2PN,18M LM RAEDER V-SPEICHE 438 M/MB
2PP,18M LM RAEDER  STERNSPEICHE 400 M
2PQ,"20""M LM RAED.DOPPEL.SP433 M/MB,SW"
2PR,19BMW INDIV.LM RAEDER V-SP.439I/MB
2PS,20M LM RAEDER  DOPPELSP. 433 M/MB
2PT,17M LM RAEDER  DOPPELSP. 460 M/MB
2PU,18M LM RAEDER  DOPPELSP. 461 M/MB
2PV,19M LM RAEDER  DOPPELSP. 467 M/MB
2PW,20M LM RAEDER  DOPPELSP. 469 M/MB
2PX,17LM RAED.CROSS SPOKE CHALLENGE SC
2PY,19LM RAEDER TURBINENSTYLING 453/MB
2PZ,18LM RAEDER STREAMLINE 364/MB
2QR,"20""BMW INDIV.LM RAEDER V-SP.759I/MB"
2QX,"19""LM RAEDER V-SPEICHE 635"
2QY,"19""LM RAEDER V-SPEICHE 635 MB/NOTL."
2QZ,"19""LM RAEDER V-SPEICHE 635 NOTLAUF"
2R0,15STAHLFELGEN IN SCHWARZ
2R1,LM RAEDER STERNSPEICHE 138
2R2,LM RAEDER STERNSPEICHE 256
2R3,LM RAEDER STERNSPEICHE 203 M. MISCH
2R4,LM RAEDER STERNSPEICHE 230 MISCH.
2R5,LM RAEDER STERNSPEICHE 204 A/S
2R6,LM RAEDER STERNSPEICHE 231 / MB
2R7,LM RAEDER BRIDGE SPOKE / AS
2R8,LM RAEDER STERNSPEICHE 241/MB
2R9,RUNFLAT BEREIFUNG
2RA,LM RAEDER TRAPEZSTYLING 134
2RB,LM RAEDER 7-FIN SPOKE M. NOTLAUF.
2RC,ALUBANDRAD MIT RADVOLLBLENDE
2RD,LM RAEDER SP. STYLING 176/MISCHB.
2RE,"LM R. WEB SPOKE, 2-TEILIG/NOTLAUF."
2RF,15LM RAEDER DELTA SPOKE SILBER
2RG,LM RAEDER BRIDGE SPOKE
2RH,LM RAEDER FLAME SPOKE
2RK,LM RAEDER 5-STAR SPOOLER
2RL,LM RAEDER ROTATOR SPOKE
2RM,LM RAEDER NIGHT SPOKE / NL
2RN,LM RAEDER 5-STAR BLASTER NOTLAUF
2RP,LM RAEDER CROWN SPOKE / NOTLAUF
2RR,LM RAEDER ANTRHRAZIT
2RS,LM RAEDER 5-STAR PACE SPOKE / NL
2RT,LM RAEDER TURBINENSTYLING 201
2RU,LM RAEDER BLACK STAR BULLET
2RV,LM RAEDER IN SCHWARZ
2RW,LM RAEDER WEB-SPOKE TWO-TONE/ANTHR.
2RX,LM RAEDER STERNSPEICHE 210
2RY,LM RAEDER STERNSPEICHE 212
2RZ,LM RAEDER STERNSPEICHE 213 M. MISCH
2S0,18LM RAEDER DOPPELSPEICHE 234 I.KO
2S1,LM RAEDER STERNSPEICHE 286/MB
2S2,LM RAEDER STERNSPEICHE 287/MB
2S3,LM RAEDER STERNSPEICHE 290
2S4,LM RAEDER STERNSPEICHE 295/MB
2S5,LM RAEDER VIELSPEICHE 293/MB
2S6,LM RAEDER STERNSPEICHE 258
2S7,LM RAEDER STERNSPEICHE 317
2S8,LM RAEDER STERNSPEICHE 319
2S9,LM RAEDER STERNSPEICHE 320
2SA,RAEDER OHNE NOTLAUFEIGENSCHAFTEN
2SB,LM RAEDER STERNSPEICHE 242
2SC,LM RAEDER STERNSPEICHE 243
2SD,LM RAEDER STERNSPEICHE 243 / NL
2SE,LM RAEDER STERNSPEICHE 246 / NL
2SF,LM RAEDER STERNSPEICHE 249 / MB
2SG,LM RAEDER STERNSPEICHE 232
2SH,LM RAEDER STERNSPEICHE 258 / MB
2SK,LM RAEDER STERNSPEICHE 259 / MB
2SL,LM RAEDER STERNSPEICHE 262 / MB
2SM,LM RAEDER STERNSPEICHE 264 / MB
2SN,LM RAEDER STERNSPEICHE 117
2SP,LM RAEDER STERNSPEICHE 233
2SR,LM RAEDER DOPPELSPEICHE 234
2ST,LM RAEDER VIELSPEICHE 235 / MB
2SU,LM RAEDER STERNSPEICHE 250
2SV,LM RAEDER STERNSPEICHE 251 / MB
2SW,LM RAEDER STERNSPEICHE 272/MB
2SX,LM RAEDER VIELSPEICHE 282
2SY,LM RAEDER STERNSPEICHE 283
2SZ,LM RAEDER VIELSPEICHE 284
2T0,"19""BMW INDIV.LM RAEDER V-SP.626I/MB"
2T1,19LM RAEDER STERNSPEICHE 407/MB
2T2,19LM RAEDER  STERNSP. 490 BMW EF
2T3,"20""BMW INDIV.LM RAEDER V-SP.649I/MB"
2T5,18LM RAEDER DOPPELSPEICHE 605
2T6,19M LM RAEDER  DOPPELSP. 467 M
2T7,20BMW I LM RAED.DOPPELSPEICHE 430/
2T8,19LM RAEDER DOPPELSPEICHE 466
2T9,18LM RAEDER DOPPELSPEICHE 496/MB
2TA,SPERRDIFERENTIAL
2TB,SPORT-AUTOMATIK GETRIEBE
2TC,SPORTGETRIEBE MIT DOPPELKUPPLUNG
2TD,AUTOMATIC GETR. MIT DOPPELKUPPLUNG
2TE,AUTOMATIC GETRIEBE MIT SCHALTWIPPEN
2TM,STEUERUNG GETRIEBETYP
2TN,20M LM RAED.DOPPELSP. 611 M /MB
2TP,21M LM RAED.DOPPELSP. 612 M /MB
2TR,18M LM RAED.DOPPELSP. 436 M
2TS,18M LM RAEDER  DOPPELSP. 461 M
2TT,17M LM RAEDER DOPPELSPEICHE 483 M
2TU,18M LM RAEDER DOPPELSPEICHE 486 M
2TV,19M LM RAEDER DOPPELSPEICHE 623 M
2TW,19M LM RAEDER DOPPELSPEICHE 623 M/
2TX,20M LM RAED.DOPPELSP. 601 M /MB
2TY,"20M LM RAED. DOPPELSP. 343 M /MB,"
2TZ,20M LM RAEDER  STERNSP. 491/ MB
2U1,SZ WINTER-KOMPL.RAD STERNSP. 317
2U2,SZ WINTER-KOMPL.RAD RADIALSP. 50
2U3,SZ WINTER-KOMPL.RAD RADIALSP. 118
2U4,SZ WINTER-KOMPL.RAD FLAME SPOKE
2U5,SZ WINTER-KOMPL.RAD BRIDGE SPOKE
2U6,16LM RAEDER DOPPELSPEICHE 473
2U7,16LM RAEDER DOPPELSPEICHE 474
2U8,16LM RAEDER DOPPELSPEICHE 476
2U9,17LM RAEDER DOPPELSPEICHE 385
2UA,SZ WINTER-KOMPL.RAD-S.M.STAHLF.12
2UB,SZ WINTER-KOMPL.RAD-S.M.STAHLF.R12
2UC,SZ WINTER-KOMPL.RAD-DOPPELSP. 116
2UD,SZ WINTER-KOMPL.RAD-DOPPELSP. 184M
2UE,SZ WINTER-KOMPL.RAD DOPPELSP.234
2UF,SZ WINTER-KOMPL.RAD DOPPELSP.268
2UG,SZ WINTER-KOMPL.RAD DOPPELSP.270M
2UH,SZ WINTER-KOMPL.RAD VIELSP.235
2UK,SZ WINTER-KOMPL.RAD V-SPEICHE 110
2UL,SZ WINTER-KOMPL.RAD V-SPEICHE 223M
2UM,SZ WINTER-KOMPL.RAD V-SPEICHE 229
2UN,SZ WINTER-KOMPL.RAD V-SPEICHE 257
2UP,SZ WINTER-KOMPL.RAD V-SPEICHE 298M
2UR,SZ WINTER-KOMPL.RAD Y-SP.214/MISCH.
2US,SZ WINTER-KOMPL.RAD KREUZSP. 177
2UT,SZ WINTER-KOMPL.RAD STERNSP. 138
2UU,SZ WINTER-KOMPL.RAD STERNSP. 143
2UV,SZ WINTER-KOMPL.RAD STERNSP. 158
2UW,SZ WINTER-KOMPL.RAD STERNSP. 209
2UX,SZ WINTER-KOMPL.RAD STERNSP. 233
2UY,SZ WINTER-KOMPL.RAD STERNSP. 256
2UZ,SZ WINTER-KOMPL.RAD STERNSP. 276
2V0,20BMW INDIV.LM RAEDER V-SP.551I/MB
2V1,19M LM RAEDER DOPPELSPEICHE 622 M
2V2,19M LM RAEDER DOPPELSPEI. 622 M/MB
2V3,18M LM RAED.  DOPPELSPEICHE 613 M
2V4,18M LM RAED.  DOPPELSP. 613 M/MB
2V5,19M LM RAEDER DOPPELSPEICHE 598 M
2V7,18M LM RAED.  DOPPELSPEICHE 441 M
2V9,20M LM RAEDER  DOPPELSP. 468 M/MB
2VA,ADAPTIVE DRIVE
2VB,REIFENDRUCKANZEIGE
2VC,REIFENREPARATUR-SET
2VF,ADAPTIVES M FAHRWERK
2VG,PERFORMANCE CONTROL
2VH,INTEGRAL-AKTIVLENKUNG
2VK,DYNAMIC PERFORMANCE CONTROL
2VL,VARIABLE SPORTLENKUNG
2VM,ADAPTIVES FAHRWERKSPAKET COMFORT
2VN,DYNAMISCHE DAEMPFER CONTROL
2VP,ADAPTIVES FAHRWERKSPAKET DYNAMIC
2VR,2-ACHS-LUFTFEDERUNG (ARBEITSNAME)
2VS,EXECUTIVE DRIVE PRO
2VW,M DYNAMIK PROFESSIONAL
2VY,"19""M LM RAEDER DOPPELSPEI. 437 M/MB"
2VZ,"19""M LM RAED.DOPPELSPEI. 437 M/MB S"
2W0,"19""LM RAEDER VIELSPEICHE 674 /MB"
2W1,18LM RAEDER VIELSPEICHE 454
2W2,19LM RAEDER VIELSPEICHE 455
2W3,17LM RAEDER VIELSPEICHE 456
2W4,19LM RAEDER VIELSPEICHE 455/MB
2W5,19LM RAEDER VIELSPEICHE 399
2W6,19LM RAEDER VIELSPEICHE 458 /MB
2W7,"20""LM RAEDER VIELSPEICHE 616 /MB"
2W8,20BMW I LM RAED.W-SPEICHE 470/MB
2W9,19LM RAEDER W-SPEICHE 440
2WA,LM RAEDER W-SPEICHE 263 / MB
2WB,LM RAEDER W-SPEICHE 291
2WC,LM RAEDER W-SPEICHE 332/MB
2WD,LM RAEDER W-SPEICHE 332
2WE,19LM RAEDER W-SPEICHE 423/MB
2WF,19LM RAEDER W-SPEICHE 4447/MB
2WG,19LM RAEDER W-SPEICHE 440 /MB
2WH,17LM RAED. J C W CUP SPOKE 2-TONE
2WK,17LM RAED. MINI YOURS VANITY SPOKE
2WR,"21""LM RAEDER VIELSPEICHE 629 BI./MB"
2WS,"18""LM RAEDER VIELSPEICHE 619 M.NOTL"
2WT,"18""LM RAEDER VIELSPEICHE 619"
2WU,16LM RAEDER VIELSPEICHE 475
2WV,17LM RAEDER VIELSPEICHE 481
2WW,19LM RAEDER TURBINENSTYL. 452 /MB
2WX,19LM RAEDER TURBINENSTYLING 389
2WY,19LM RAEDER TURBINENSTYLING 402
2WZ,19LM RAEDER TURBINENSTYLING 389 /M
2XA,SPORT-LEDERLENK. MIT SCHALTWIPPEN
2XB,MINI YOURS SODA SPORT-LEDERLENKRAD
2XC,JOHN COOPER WORKS LEDERLENKRAD
2XE,SPORT-LEDERLENKRAD SCHWARZ
2XL,PREMIUM LUXURY LENKRAD (ARBEITSNAME
2XM,BMW INDIVIDUAL LEDERLENKRAD FEINNAR
2Y0,NSG BEREIFUNG 10
2Y1,NSG BEREIFUNG 1
2Y2,NSG BEREIFUNG 2
2Y3,NSG BEREIFUNG 3
2Y4,NSG BEREIFUNG 4
2Y5,NSG BEREIFUNG 5
2Y6,NSG BEREIFUNG 6
2Y7,NSG BEREIFUNG 7
2Y8,NSG BEREIFUNG 8
2Y9,NSG BEREIFUNG 9
2YW,NSG BEREIFUNG 14
2YX,NSG BEREIFUNG 11
429,INTERIEUR-OBERFLAECHE ANTHRAZIT
430,INNEN-/AUSSENSPIEGEL AUT.ABBLENDEND
431,"INNENSPIEGEL,AUTOMATISCH ABBLENDEND"
432,REGENSENSOR/ AUT. ABBLENDB. INNENSP
433,INTERIEURLEISTEN
434,INTERIEURLEISTEN
435,EDELHOLZAUSFUEHRUNG
436,EDELHOLZAUSFUEHRUNG
437,EDELHOLZAUSFUEHRUNG
438,EDELHOLZAUSFUEHRUNG
439,INTERIEURLEISTEN
440,NICHTRAUCHERPAKET
441,RAUCHERPAKET
442,GETRAENKEHALTER
443,KOMPASSFUNKTION
444,MULTIFUNKTIONSMITTELARMLEHNE HINTEN
445,FONDORIENTIERTE MITTELKONSOLE
447,FONDORIENTIERTE AUSSTATTUNG II
449,MAUTINNENSPIEGEL FUER JAPAN
450,BEIFAHRERSITZ HOEHENVERSTELLUNG
451,AKTIVSITZ FUER FAHRER
452,FONDEINSTIEGSHILFE
453,AKTIVE SITZBELUEFTUNG VORN
454,AKTIVE SITZBELUEFTUNG IM FOND
455,AKTIVSITZ FUER FAHRER/BEIFAHRER
456,KOMFORTSITZ ELEKTRISCH VERSTELLBAR
457,KONTURSITZE ELEKTRISCH VERSTELLBAR
458,SITZVERSTELLUNG ELEKTR.FAHRER/BEIF.
459,"SITZVERSTELLUNG, ELEKTR.MIT MEMORY"
460,"KOMFORTSITZE IM FOND, ELEKTRISCH"
461,"SITZLEHNENVERSTELLUNG IM FOND,ELEK."
463,INTERIEUR-OBERFLAECHE ALLOY PATINA
464,SKISACK
465,DURCHLADESYSTEM
466,DACHZIERLEISTEN IN WAGENFARBE
467,TAXI-FONDSITZ IN STOFF
468,SKISACK
469,"KINDERSITZE IM FOND, INTEGRIERT"
470,KINDERSITZBEFESTIGUNG ISOFIX
471,INTERIEUR LINE GRAPHIT METALLIC
472,MITTELARMLEHNE VORN FAHRER/BEIF.
473,ARMAUFLAGE VORN
474,"ARMAUFLAGE VORN, ENTFALL"
475,RECARO-SITZ FUER FAHRER
476,TUERVERKLEIDUNG MAGNESIUM GREY
477,INTERIEUR-OBERFLAECHE HOLZ-DEKOR
481,SPORTSITZE FUER FAHRER/BEIFAHRER
482,SPORTSITZE UND SPORTLENKRAD
488,LORDOSENSTUETZE FAHRER/BEIFAHRER
489,LORDOSENSTUETZE FUER BEIFAHRER
490,LEHNENBREITENVERSTELLUNG
492,ABLAGE IN MITTELKONSOLE
493,ABLAGENPAKET
494,SITZHEIZUNG FUER FAHRER/BEIFAHRER
495,3. KOPFSTUETZE HINTEN
496,SITZHEIZUNG FUER FONDSITZE
497,MITTELARMLEHNE IM FOND
498,KOPFSTUETZEN IM FOND
499,KOPFSTUETZEN IM FOND ELEKTRISCH
4A0,INTERIEURLEISTEN ALUMINIUM
4A1,INTERIEURLEISTEN GRAPHITAN MATT
4A3,EDELHOLZAUSFUEHRUNG NUSSBAUM HELL
4A4,INTERIEURLEISTEN ALUMINIUM CIRRUS
4A5,INTERIEURFARBE GOTHAM GREY
4A6,INTERIEURFARBE TUSCAN BEIGE
4A7,COLOUR LINE DARK GREY
4A8,COLOUR LINE CREAM WHITE
4A9,COLOUR LINE MELLOW YELLOW
4AA,DACHHIMMEL ANTHRAZIT
4AB,EDELHOLZAUSFUEHRUNG NUSSBAUM WURZEL
4AC,EDELHOLZAUSFUEHRUNG PAPPEL MASER
4AD,INTERIEURL. ALU. LAENGSSCHLIFF FEIN
4AE,ARMAUFLAGE VORNE VERSCHIEBBAR
4AF,DACHHIMMEL BASALTGRAU
4AG,INTERIEURLEISTEN TITAN MATT
4AH,EDELHOLZAUSFUEHRUNG AMERIK.NUSSBAUM
4AK,INTERIEURLEISTEN SILBER
4AL,INTERIEURLEISTEN TITAN DUNKEL
4AM,ALUMINIUM EXTERIEUR PACK
4AN,INTERIEUR-OBERFLAECHE SEVEN
4AP,INTERIEUR-OBERFLAECHE PARK LANE
4AR,INTERIEUR-OBERFLAECHE CHECKMATE
4AS,EDELHOLZAUSF. PAPPEL MASER GRAU
4AT,INT.LEIST. SCHWARZ HOCHGLAENZEND
4AU,ERWEITERTE DEKORUMFAENGE
4AV,INTERIEUR-OBERFLAECHE SIDEWALK
4AW,INSTRUMENTENTAFEL IN SENSATEC
4AX,EDELHOLZ.ESCHE MASER MARONE M.HOLZI
4AY,EDELHOLZ.A. EICHE HELL M. METALLINT
4AZ,EDELHOLZAUS. BAMBUS MASER DUNKEL
4B0,EDELHOLZAUSF. MYRTE MASER ANTHRAZIT
4B1,INTERIEURLEISTEN KASCHMIRSILBER
4B2,EDELHOLZAUSF.MYRTE MASER ANTHRAZIT
4B3,INTERIEURLEISTEN ALU AKZENTSCHLIFF
4B4,INTERIEURL.ALU LAENGSSCH.M.LEDEREIN
4B5,EDELHOLZAUSF.ESCHE MASER HOCHGL.
4B6,INTERIEURL.ALU.FLYWHEEL SCHWARZ
4B7,EDELHOLZAUSF.FINELINE HOCHGLAENZEND
4B8,EDELHOLZAUSF.NUSSBAUMW.M.INTARSIEN
4B9,INT.LEISTE ALUMINIUM FEINSCHLIFF
4BA,COLOUR LINE ROOSTER RED
4BB,COLOUR LINE PACIFIC BLUE
4BC,INTERIOR SURFACES FLUID SILVER
4BD,INTERIEUR-OBERFLAECHE PIANO BLACK
4BE,INTERIOR SURFACES ENGLISH OAK
4BF,INTERIOR SURFACES BRUSHED ALLOY
4BG,INTERIOR SURFACES R55 FOIL 4 (ARBEI
4BH,INTERIOR SURFACES R56 SPORT
4BK,INTERIEURLEISTEN ALU. LAENGSSCHLIFF
4BL,INTERIEURFARBE REDWOOD RED
4BM,INTERIEURLEISTEN GRAPHIT SEIDENMATT
4BN,EDELHOLZAUSFUEHRUNG ESCHE MASER
4BP,EDELHOLZAUSF. PAPPEL MASER HELL
4BS,INTERIOR WORLD HOT CHOCOLATE
4BU,COLOUR LINE HOT CHOCOLATE
4BV,INTERIOR SURFACES R57 COL.1
4BW,EDELHOLZAUFUEHRUNG AHORN MASER
4BX,INTERIEURLEISTEN GRAU HOCHGLAENZEND
4BY,EDELHOLZAUSF.BAMBUS MASER ANTHRAZIT
4BZ,INTERIEURLEISTEN TITAN HELL
4C0,INTERIEURFARBE SATELLITE GREY
4C1,COLOUR LINE CARBON BLACK
4C2,COLOUR LINE POLAR BEIGE
4C3,COLOUR LINE SATELLITE GREY
4C4,COLOUR LINE DARK TOBACCO
4C5,COLOUR LINE PURE RED
4C6,COLOUR LINE SURF BLUE
4C7,COCKPIT OBERFLAECHE DARK SILVER
4C8,COCKPIT OBERFLAECHE DARK ANTHRACITE
4C9,INTERIOR SURFACES PEPPER WHITE
4CA,EDELHOLZAUSF.ESCHE MASER ANTHRAZIT
4CB,EDELHOLZAUSF.FINELINE NATUR
4CC,EDELHOLZAPPLKATION F.LEDERLENKRAD
4CD,INT.LEISTEN RUTHENIUMGRAU METALLIC
4CE,EDELHOLZAUSF.FINELINE ANTHRAZIT
4CF,INT.LEISTEN SPACEGRAU METALLIC
4CG,INT.LEISTEN SATINSILBER MATT
4CH,EDELHOLZAUSF. FINELINE WAVE
4CK,EDELHOLZAUSF. FINELINE HELL
4CL,INTERIEURL. MARRAKESCHBRAUN MET.
4CM,INTERIEURLEISTEN PLATINBRONZE MET.
4CN,COLOUR LINE TOFFY
4CP,COLOUR LINE TECH WHITE
4CR,INTERIOR SURFACES TOFFY LINING
4CS,INTERIOR SURFACES SILVER LINING
4CT,EDELHOLZAUSF. ESCHE MASER BRAUN MIT
4CU,INTERIEURFARBE CARBON BLACK
4CV,EDELHOLZAUSF.AMERIKANISCHE EICHE
4CW,INTERIEURFARBE POLAR BEIGE
4CX,INTERIEURFARBE DARK TOBACCO
4CY,INTERIEUR-OBERFLAECHE CHILI RED
4CZ,INTERIOR SURFACES DAMSON RED LINING
4D0,EDELHOLZAUSFUEHRUNG FINELINE STRIPE
4D1,COLOUR LINE ROOFTOP GREY LIGHT
4D2,COLOUR LINE DARK TRUFFLE
4D3,COLOUR LINE ROCKLIKE ANTHRACITE
4D5,CONTRAST INTERIOR COLOUR POLAR BEIG
4D6,INTERIEUR OBERFL. BRUSHED ALLOY SUN
4D8,INTERIEUR OBERFL. PIANO BLACK REDBR
4D9,INTERIEUR OBERFL. CROSS CHECK ROOFT
4DA,INTERIEUR OBERFL. STRIPED ALLOY
4DB,INTERIEUR OBERFL. DARK SILVER
4DC,INTERIEUR OBERFL. BLACK CHECKERED
4DD,EDLHOLZAUSFUEHRUNG FINELINE PUR STR
4DE,EDELHOLZAUSF. FINELINE SIENA
4DF,COCKPIT OBERFLAECHE PIANO BLACK
4DG,INTERIEUROBERFLAECHE DEEP CHAMPAGNE
4DH,INTERIEURLEISTEN ALPINWEISS
4DK,AKZENTLEISTEN OXIDSILBER MATT
4DL,AKZENTLEISTEN SCHWARZ HOCHGLAENZEND
4DM,AKZENTLEISTEN PERLGLANZ CHROM
4DN,AKZENTLEISTEN KORALLROT MATT
4DP,EDELHOLZAUSF.FINELINE STREAM
4DR,INT.LEISTEN ACRYLGLAS WEISS
4DS,INT.LEISTEN ACRYLGLAS SCHWARZ
4DT,INTERIEURLEISTEN PEARL
4DU,AKZENTLEISTEN JADEWEISS
4DV,MINI YOURS SODA INTER.OBERFLAECHE
4DX,AKZENTLEISTEN BLAU MET. MATT
4DY,INT.LEISTEN OXIDSILBER DUNKEL MATT
4DZ,INTERIEURLEISTEN PEARL DUNKEL
4E0,EDELHOLZAUSF. FINELINE BRAUN
4EA,EDELHOLZAUSF. EICHE DUNKEL MATT
4EB,EDELHOLZAUSF.FINELINE BAY MATT
4EC,INTERIEURWELT PURE (ARBEITSNAME)
4ED,INTERIEURWELT CARE (ARBEITSNAME)
4EE,INTERIEURWELT COSMO (ARBEITSNAME)
4EF,INT.LEIST. ALUMINIUM GEWEBEPRAEGUNG
4EG,EDELHOLZAUSF. FINELINE NATUR M. MET
4EH,INT.LEIST. SCHWARZ HOCHGLAENZEND I.
4EK,INT.LEIST. SATINSILBER MATT  I.KOM.
4EL,EDELHOLZAUSF.FINELINE PUR
4EM,COLOUR LINE RED COPPER
4EN,INTERIEUROBERFL. DARK ANTHRACITE
4EP,INTERIEUROBERFL. HAZY GREY
4ER,INTERIEUROBERFL. FIBRE ALLOY
4ES,INTERIEUROBERFL. OFF-WHITE
4ET,INTERIEUROBERFL. DARK COTTONWOOD
4EU,INTERIEUROBERFL. FIREWORK
4EV,EDELHOLZAUSF. EUKALYPTUS
4EX,INTERIEUROBERFLAECHE ANDESITSILBER
4EY,INTERIEUROBERFLAECHE AMIDO METALLIC
4EZ,EDELHOLZAUSFUEHRUNG ESCHE MASER MIT
4F1,COLOUR LINE DINAMICA
4F2,COLOUR LINE SHADOW GREY
4F3,COLOUR LINE GLOWING RED
4F4,EXECUTIVE LOUNGE SEATING
4F5,EXECUTIVE LOUNGE FONDKONSOLE
4F7,EDEL.AUSF.EICHE MA.M..AK.PE.CHROM
4F8,EDEL.AUSF.FINEL.PU.M..AK.OXIDSILBER
4FA,RECARO SPORTSITZE
4FB,SPORTSITZ ENTFALL
4FC,FONDSITZE MIT ERWEIT. UMFAENGEN
4FD,SITZVERSTELLUNG FUER FONDSITZE
4FE,INTERIEURLEISTEN METALLGEWEBE
4FF,KOMFORTSITZE IM FOND
4FG,SICHERHEITSGURT BMW I BLAU
4FK,BEIFAHRERSITZLEHNE UMKLAPPBAR
4FL,TRAVEL & COMFORT RAIL SYSTEM
4FM,KOMFORTSITZE FUER FAHRER UND BEIFAH
4FR,INT.L. ATLASGRAU HOCHGLAENZ. M. AKZ
4FS,(AN)INT.L. OXIDSILBER DUNKEL M. A.L
4FT,INT.L. ALU. LAENGS.FEIN.M. A.L.SW.H
4FU,EDELHOLZ. FINELINE ANTHRAZIT M. AK.
4FV,EDELHOLZ. FINELINE HELL M. AK.PERLG
4FW,EDELHOLZ. FINELINE NUSSBAUM. M.AK.P
4FY,EDELHOLZ.FIN. SHORE M.INT.U.AK.LEI.
4FZ,EDELHOLZ. FINELINE TIDE M. AK.LEIST
4GA,EDEL.AUSF.ESCHE MA.M.MI.U.AK.PE.CHR
4GB,EDELHOLZ.NUSS.M.INT.U.AK.PERL.CH
4GC,INTERIEUROBERFLAECHE ANDESIT DUNKEL
4GD,INT.LEIST. SCHW. HOCHGLAENZ.M.A.OXI
4GE,INT.LEIST. ACRYLGL.SCH.M.A.OXIDSILB
4GF,INT.LEIST. ACRYLGL.WS.M.S.U.A.OXIDS
4GG,INT.LEIST. PEARL.D.M.AK.PERLGLANZ C
4GH,INT.LEIST. PEARL.D.M.AK.OXIDSILBER
4GK,INT.LEIST. ALU.LA.FE.M.AK.OXIDSILBE
4HA,SITZHEIZUNG VORNE HINTEN
4HB,WAERMEKOMFORT PAKET VORNE
4HC,WAERMEKOMFORT PAKET
4K0,EDEL.AUSF.FINELINE BRAUN M.SW.UMFAE
4K2,EDELH.. FINE. HOCHG.M.BLENDE ALUMIN
4K7,INT.L. ALU.RHOMB.M. AKZ.L.PE.CHROM
4K8,INT.L. OXI. DU.MA. M. AKZENTLE.PE.C
4K9,INT.L. ALU. F.S.M. AKZ.L.PE.CHROM
4KS,KONTRASTSTEPPUNG
4L0,MINI YOURS INSTR.TAFEL LEDERB.CARBO
4L2,ENTFALL EINSTIEGSLEISTEN M. LINES-S
4L3,INT.LEISTEN DARK COPPER HOCHGLAENZE
4L4,JCW I-TAFEL LEDERBEZ. SCHW./ANTH.
4L5,M. Y. I-TAFEL LED.BEZ. SCHW./SAT. G
4L6,M. Y. I-TAFEL LED.BEZ. SW/POL.BEIGE
4L7,INTERIEURLEISTEN PALLADIUMGRAU
4L9,INTERIEURLEISTEN ALUMINIUM TRACE
4LA,EDELHOLZ.ESCHE MASER ANTHRAZIT M.E
4LB,EDELHOLZ.NUSSBAU.M.INTAR.U.ERW.UMF
4LC,EDELH.. FINE. STREAM M. AK.LEIST.OX
4LF,EDEL.FINEL.RI.M.AKZ.PERL.CHROM
4LG,EDELHOLZ.NUSS.DU.M.AK.PE.CHROM
4LH,EDEL.FINEL.CO.M.AKZ.PERL.CHROM
4LK,EDEL.PA.MA.GB.M.IN.U.AK.PE.CRO.HO.
4LM,EDELHOLZAUSF. FINELINE SCHW.M. META
4LQ,EDELHOLZ. PAPPEL MASER GRAU M.AK.P
4LR,EDELHOLZ. FINE. STREAM M. AK.LEIST.
4LS,INT.L. ALU. L.S.F. M. AKZENTLEISTE
4LT,INT.L.ALU.L.S.F.M.AKZENTL.KORALLROT
4LU,INT.L.SCHW.HOCHGL.M.AKZENT.L.PERLGL
4LV,INT.L.SCHW.HOCHGL.M.AKZENT.L. KORAL
4LX,AKZENTLEISTEN SCHWARZCHROM
4LY,INTERIEURLEISTEN ALUMINIUM BLADE
4LZ,INTERIEURLEISTEN BLUE SHADOW
4M0,INDIVIDUAL EDELH. PAPPEL NATUR
4M1,INDIVIDUAL EDELH. MAHAGONI MARITIM
4M2,INDIVIDUAL KLAPPTISCH IM FOND
4M3,INTERIEURLEISTE ALU CUBE PURE
4M4,INDIV. INT.LEIS. ALU.SIVER GRID
4M5,INDIVIDUAL INSTRUMENTENTAFEL LEDER
4M6,CONTROLLER ALUMINIUM GEFRAEST
4M7,INDIVIDUAL EDELHOLZAUSF. MAHAGONI
4UH,SPORT INSTRUMENTS
4UK,5-SITZIGKEIT
4UL,"EBENER LADEBODEN, ENTNEHMBAR"
4UM,MASSAGEFUNKTION IN FONDSITZLEHNEN
4UN,DURCHLADEOEFF. M. INTEGR. ABLAGEF.
4UP,ADAPTIVES BEFESTIGUNGSSYSTEM
4UR,AMBIENTES LICHT
4US,2 SITZIGKEIT VORBEREITUNG
4UT,DURCHLADEOEFF.M.INT.TRANSPORTSACK
4UU,STECKDOSE 230V
4UV,ABLAGETISCHE IM FOND
4UW,STECKDOSE 115V
4UX,ABLAGETISCH IM FOND
4UY,SKI UND SNOWBOARDTASCHE
4UZ,SZ SKI-U. SNOWBOARDTASCHE
4V9,MINI EXCITEMENT PAKET
4VA,MINI FAHRERLEBNISPAKET
4VB,CENTER RAIL DURCHGEHEND
4VC,INDUKTIVES LADEN (ARBEITSNAME)
4VD,INDUKTIVES LADEN VORBEREITUNG (ARBE
4WA,INTERIEURLEIST ALU GLAC.SILB.DUNKEL
4WB,INTERIEURLEISTEN ALCANTARA ANTHRAZI
4WC,BMW IND.EDELH. ESCHE VULCANO BRAUN
4WD,M LAPTIMER
4WE,INT. ALU. HEXAGON M. AKZENTLEISTE P
4WF,INT.LEIST. ALU. HEXAGON M. AKZENTLE
4WG,INT.LEIST. ALU. HEX. M.AKZENT.SCHW.
4WH,INT.LEIST. BL.SHAD. M.AKZENT.SCHW.
4WK,INT.LEIST. AL.BLAD. M.AKZENT.SCHW.
4WL,INT.LEIST. CAR.FIB. M.AKZENT.SCHW.
4WM,INT.LEIST. AL.CA.D. M.AKZENT.CR.DU.
4WN,INT.LEIST. AL.CA.M.AKZENT.PE.CHROM
4WZ,INT.L. SCHWARZ HOCHGL. M. AKZ.L. BL
4XA,NSG INTERIEURLEISTE ALU 1
4XB,NSG INTERIEURLEISTE ALU 2
4XD,NSG INTERIEURLEISTE BASIS 1
4XE,NSG INTERIEURLEISTE 1
4XF,NSG INTERIEURLEISTE HOCHGLANZ 1
4XH,NSG INTERIEURLEISTE HOLZ 1
4XK,NSG INTERIEURLEISTE HOLZ 2
4XL,NSG INTERIEURLEISTE HOLZ 3
4XM,NSG INTERIEURLEISTE 2
4XN,NSG INTERIEURLEISTE 3
4YA,NSG COLOUR LINE 1
4YB,NSG COLOUR LINE 2
4YC,NSG COLOUR LINE 3
4YD,NSG COLOUR LINE 4
4YE,NSG COLOUR LINE 5
4YF,NSG COLOUR LINE 6
4YG,NSG COLOUR LINE 7
4YH,NSG COLOUR LINE 8
4YK,NSG COLOUR LINE 9
4YL,NSG COLOUR LINE 10
500,SCHEINW.WASCHANL./INTENSIVREINIGUNG
502,SCHEINWERFER-WASCHANLAGE
507,PARK DISTANCE CONTROL (PDC)
508,PARK DISTANCE CONTROL (PDC)
509,LASER-ABSTANDS-MESSGERAET (LAM)
510,LEUCHTWEITENREGELUNG ABBLENDLICHT
512,LEUCHTWEITENREGELUNG ENTFALL
519,ZUSATZSCHEINWERFER
520,NEBELSCHEINWERFER
521,REGENSENSOR
522,XENON-LICHT
523,FONDKLIMAANLAGE MIT KUEHLBOX
524,ADAPTIVES KURVENLICHT
525,KUEHLBOX
526,FOND-KLIMAANLAGE ENTFALL
527,KUEHLBOX/BARFACH ENTFALL
528,AUTOMATISCHE UMLUFT CONTROL (AUC)
529,MIKROFILTER
530,KLIMAANLAGE
531,ALL SEASON ROADSTER
532,AIR FRESHER
533,FOND-KLIMATISIERUNG
534,KLIMAAUTOMATIK
536,STANDHEIZUNG
537,STANDLUEFTUNG
538,LATENTWAERMESPEICHER
539,STANDKLIMATISIERUNG
540,GESCHWINDIGKEIT SREGELUNG
541,AKTIVE GESCHWINDIGKEIT SREGELUNG
542,CHECK CONTROL
543,LADEDRUCKANZEIGE
544,GESCHWINDIGKEIT SREGEL. MIT BREMSF.
545,"DREHZAHLMESSER,KM/H-TACHO,AN.UHR+EC"
546,DREHZAHLMESSER
547,COCKPIT CHRONO PAKET
548,KILOMETERTACHO
549,FUNKUHR
550,BORDCOMPUTER
551,BORDCOMPUTER II MIT FERNBEDIENUNG
552,ADAPTIVER LED-SCHEINWERFER
553,BORDCOMPUTER IV MIT FERNBEDIENUNG
554,BORDCOMPUTER
555,BORDCOMPUTER
556,AUSSENTEMPERATURANZEIGE
560,LESELEUCHTEN IM FOND AUSSEN
562,KARTENLESELEUCHTE / INNENL.AUTOM.
563,LICHTPAKET
564,INNENLICHTPAKET
570,STAERKERE STROMVERSORGUNG
571,STAERKERE STROMVERSORGUNG PLUS
575,ZUSAETZLICHE 12-V-STECKDOSEN
577,MIETWAGENVORBEREITUNG
582,VORBEREITUNG FUER FAHRERTRAINING
583,LM RAEDER AERO 90 MIT NOTLAUF.
584,LM RAEDER VIELSPEICHE 94 NOTLAUF.
585,VERBUNDRAEDER DOPPELSP. 71 GESCHR.
586,LM RAEDER S-SPEICHE M. AS BEREIFUNG
587,LM RAEDER DOPPELSP.116 MIT NOTLAUF.
588,LM RAEDER STERNSPEICHE 115
589,LM RAEDER STERNSP.122 MIT NOTLAUF.
590,LM RAEDER STERNSP.123 MIT NOTLAUF.
591,LM RAEDER STERNSP.124 NOTL.MISCHB.
592,LM RAEDER RADIALSP.118 MIT NOTLAUF.
593,LM RAEDER DOPPELSP.120 NOTL.MISCHB.
594,LM RAEDER STERNSP.92 NOTL.MISCHB.
595,LM RAEDER ELLIPSP.121 NOTL.MISCHB.
596,LM RAEDER V-SPEICHE 126 M. MISCHB.
597,LM RAEDER STERNSP. 89 M. MISCHB.
5A1,LED-NEBELSCHEINWERFER
5A2,LED-SCHEINWERFER
5A3,kein Angabe
5A4,LED-SCHEINWERFER M.ERWEITERTEN UMFA
5AA,NEBELSCHLUSSLEUCHTE
5AB,ZWEISTUFIGE BREMSLEUCHTEN ENTFALL
5AC,FERNLICHTASSISTENT
5AD,SPURVERLASSENSWARNUNG
5AE,HOCHGESCHWINDIGKEITSBREMSANLAGE
5AF,SIDE UNDER MONITOR
5AG,SPURWECHSELWARNUNG
5AH,DEKODIERUNG DYNAMISCHE BREMSLEUCHTE
5AK,LED-LICHTELEMENTE
5AL,ACTIVE PROTECTION
5AM,ZWEITER RUECKFAHRSCHEINWERFER
5AN,BMW ORGANIC LIGHT
5AP,DEKODIERUNG BLENDFREI. FERNL. ASSIS
5AR,STAUASSISTENT
5AS,DRIVING ASSISTANT
5AT,DRIVING ASSISTANT PLUS
5AU,DRIVING ASSISTANT PREMIUM (ARBEITSN
5AV,ACTIVE GUARD
5AZ,BMW LASERLICHT
5DA,BEIFAHRERAIRBAG-DEAKTIVIERUNG
5DB,3-PUNKT-AUTOMATIKGURT IM FOND MITTE
5DC,FONDKOPFSTUETZEN KLAPPBAR
5DD,WAGENHEBER
5DF,AKTIVE.GESCHW.REG.+STOP&GO FUNKT.
5DK,SIDE VIEW CAMERA
5DL,SURROUND VIEW
5DM,PARKING ASSISTANT
5DN,PARKING ASSISTANT PLUS
5DP,PARKASSISTENT
5DR,PARK DISTANCE CONTROL INCL.TOP VIEW
5DS,KOFFERRAUMNOTENTRIEGELUNG
5DT,DYNAMIC TRACTION CONTROL
5DU,kein Angabe
5DV,PARKASSISTENT PLUS (ARBEITSNAME)
5GA,ALARMANLAGENVORBEREITUNG
5GB,STOLEN VEHICLE TRACKING
5GC,FLEXIBLE CAR USE VORBEREITUNG
601,TV-FUNKTION
602,BORDMONITOR MIT TV
603,FONDBILDSCHIRM
604,PTA-VORBEREITUNG
605,TELEMATIK VORBEREITUNG
606,NAVIGATIONSSYSTEM BUSINESS
607,TELESERVICE VORBEREITUNG
608,TRAVEL NOTE SYSTEM
609,NAVIGATIONSSYSTEM PROFESSIONAL
610,HEAD-UP DISPLAY
611,BMW NIGHT VISION
612,BMW ASSIST
613,INTERNETBASIERTE DIENSTE
614,INTERNET VORBEREITUNG
615,ERWEITERTE BMW ONLINE INFORMATION
616,BMW ONLINE
619,NOTRUFSYSTEM
620,SPRACHEINGABESYSTEM
621,VOLLINTEGRIERTES HANDY KOREA
622,ZWEITHOERER IM FOND FUER TELEFON
623,AUTOTELEFON (GSM)
624,KOMPLETTVORBEREITUNG HANDY SIEMENS
625,KOMPLETTVORBEREITUNG HANDY MOTOROLA
627,KOMPLETTVORB. BMW HANDY (NOKIA)
629,AUTOTELEFON MIT KARTENLESER VORN
630,AUTOTELEFON MIT SCHNURLOSEM HOERER
631,"ZWEITHOERER IM FOND, SCHNURLOS"
632,KOMPLETTVORB. BMW HANDY (MOTOROLA)
633,HANDY VORB. BUSINESS/BLUETOOTH-SCH.
634,TELEFONVORBEREITUNG BMW C-NETZ
635,TELEFONVORBEREITUNG BMW D-NETZ
636,TELEFONVORBEREITUNG HANDY D-NETZ
637,TELEFONVORB. SIEMENS C3 BED.H.VO.
638,AUTOTELEFON PROFESSIONAL
639,KOMPLETTVORB. HANDY USA/CDN
640,AUTOTELEFONVORBEREITUNG
641,UNIVERSAL HANDY VORB. US STANDARD
642,VOLLINTEGRIERTES HANDY US STANDARD
643,AUTOTEL VORB D-NETZ F AXICON TEL
644,UNIVERSAL HANDY VORBEREITUNG
645,RADIO-STEUERUNG US
646,AUTOTELEFONVORBEREITUNG JAPAN
647,BECKER MEXICO ELEKTRONIC II O.VF
648,RADIO BMW CD
649,CASSETTEN-LAUFWERK
650,CD-LAUFWERK
651,MD-LAUFWERK
652,DVD-LAUFWERK
653,HIGH DEFINITION RADIO
654,DAB TUNER
655,SATELLITENTUNER
656,RADIO MINI MC
657,RADIO BOOST
658,RADIO BMW BUSINESS CD RDS
659,RADIO BUSINESS CD
660,RADIO BMW REVERSE
661,RADIO BMW BUSINESS
662,RADIO BMW BUSINESS CD
663,RADIO BMW PROFESSIONAL
664,HANDY VORBEREITUNG
665,RADIO BMW BUSINESS
666,RADIO BMW BUSINESS CD
667,RADIO BMW AUDIO
668,RADIO BMW REVERSE RDS
669,RADIO BMW BUSINESS RDS
670,RADIO BMW PROFESSIONAL
672,CD WECHSLER 6-FACH
673,HIFI-SYSTEM US
674,HIFI-SYSTEM HARMAN KARDON
675,FOND-AUDIOSYSTEM
676,HIFI LAUTSPRECHERSYSTEM
677,HIFI SYSTEM PROFESSIONAL
678,KOPFHOERERANLAGE IM FOND
679,HIFI-SUBWOOFER LAUTSPRECHERSYSTEM
680,RADIOANTENNE MANUELL
681,DACHANTENNE
682,FONDSITZBANK IN STOFF
683,TELEFONANTENNE FUER D-NETZ
684,TELEFON-HECKSCHEIBENANTENNE D-NETZ
685,TELEFONANTENNE FUER C-NETZ
686,ANTENNENDIVERSITY
687,RADIOVORBEREITUNG
688,HARMAN/KARDON SURROUND SOUND SYSTEM
689,IN-CAR VIDEO VORBEREITUNG
690,CASSETTENHALTERUNG
691,CD-HALTERUNG
692,CD WECHSLER I-BUS VORBEREITUNG
693,SATELLITENTUNER VORBEREITUNG
694,CD-WECHSLER VORBEREITUNG
695,MD-WECHSLER
696,DVD-WECHSLER 6-FACH
697,AREA-CODE 1
698,AREA-CODE 2
699,AREA-CODE 3
6A1,ALWAYS OPEN TIMER
6AA,BMW TELESERVICES
6AB,STEUERUNG TELESERVICES
6AC,INTELLIGENTER NOTRUF
6AD,MINI HEAD-UP DISPLAY
6AE,TELESERVICES
6AF,GESETZLICHER NOTRUF
6AG,E DRIVE DIENSTE
6AH,CONNECTED SERVICES
6AK,CONNECTEDDRIVE SERVICES
6AL,BMW LIVE
6AM,REAL TIME TRAFFIC INFORMATION
6AN,CONCIERGE SERVICES
6AP,REMOTE SERVICES
6AR,INTERNET
6BA,AREA-CODE A FUER BLURAY
6BB,AREA-CODE B FUER BLURAY
6BC,AREA-CODE C FUER BLURAY
6CP,APPLE CARPLAY VORBEREITUNG
6F1,BOWERS & WILKINS HIGH END SOUND SYS
6F2,BANG&OLUFSEN HIGH END SOUND S. PLUS
6FA,"DVD-SYSTEM IM FOND, VORBEREITUNG"
6FB,RADIO MINI CD
6FC,RADIO MINI BOOST CD
6FD,MINI HIFI LAUTSPRECHERSYSTEM
6FE,MASK-VARIANTE NEUSEELAND
6FF,DVD-SYSTEM IM FOND
6FG,FOND-ENTERTAINMENT
6FH,FOND-ENTERTAINMENT PROFESSIONAL
6FK,AUDIOBEDIENUNG IM FOND
6FL,USB-AUDIO-SCHNITTSTELLE
6FM,SZ DVD-SYSTEM IM FOND
6FN,DVD-WECHSLER VORBEREITUNG
6FP,RADIO MINI VISUAL BOOST
6FR,FOND-ENTERTAINMENT PROF.M.I-DRIVE B
6FS,TV-FUNKTION ANALOG
6FV,ONLINE ENTERTAINMENT
6FW,MEDIA
6M1,INDIVIDUAL FOND-ENTERTAINMENT
6M2,INDIVIDUAL FOND INFOTAINMENT ONLINE
6NA,AUTOTELEFON IM FOND
6NB,FONDTELEFON
6NC,TELEFONEINHEIT M.SCHNURL. BEDIENHOE
6ND,FREISPRECHEINRICHTUNG BLUETOOTH
6NE,ERWEITERTE HANDY VORBEREITUNG BLUET
6NF,MUSIC-SCHNITTSTELLE FUER SMARTPHONE
6NG,MINI ALIVE
6NH,FREISPRECHEIN. M. USB-SCHNITTSTELLE
6NK,ANBINDUNG BLUETOOTH- UND USB-GERAET
6NL,ANBIND.BLUETOOTH-U.USB-GERAETE INKL
6NM,MINI CONNECTED
6NN,FREISPRECHEINRICHTUNG
6NP,TELEFONIE USA
6NR,APPS
6NS,KOMFORTTELEFONIE MIT ERW. SMARTPHON
6NT,MINI CONNECTED XL
6NW,WIRELESS CHARGING (ARBEITSNAME)
6S1,SPRACHVERSION TUERKISCH
6S2,SPRACHVERSION GRIECHISCH
6S3,SPRACHVERSION PORTUGIESISCH
6S4,SPRACHVERSION SCHWEDISCH
6S5,SPRACHVERSION BAHASA INDONESIA
6U8,BMW GESTIKSTEUERUNG
6U9,BMW TOUCH COMMAND
6UA,VORBEREITUNG FUER NAVIGATIONSSYSTEM
6UB,SPRACHEINGABESYSTEM VORBEREITUNG
6UC,TV-FUNKTION VORBEREITUNG
6UD,SPRACHVERSION RUSSISCH
6UE,DIEBSTAHLSCHUTZ NAVI-DVD
6UF,NAVIGATIONSSYSTEM VORBEREITUNG
6UG,MINI NAVIGATIONSSYSTEM
6UH,TRAFFIC INFORMATION
6UK,NIGHT VISION MIT PERSONENERKENNUNG
6UL,SZ NAVIGATIONSSYSTEM PORTABLE
6UM,MINI NAVIGATIONSSYSTEM
6UN,NAVIGATION
6UP,NAVIGATION PLUS
6UZ,KARTENMATERIAL FUER NAVIGATIONSSYST
6VA,CIC ZUSTEUERUNG
6VB,STEUERUNG INFOTAINMENT
6VC,STEUERUNG COMBOX
6WA,INSTRUMENTENKOMBI. M. ERW. UMF.
6WB,MULTIFUNKTIONALES INSTRUMENTENDISPL
6WD,W-LAN HOT-SPOT
700,AREA-CODE 4
701,AREA-CODE 5
702,AREA-CODE 6
704,M SPORTFAHRWERK
705,M SPORTFAHRWERK II
708,M SPORT-LEDERLENKRAD II
709,M LEDERLENKRAD
710,M LEDERLENKRAD
711,M SPORTSITZE FUER FAHRER/BEIFAHRER
712,M SPORTSITZE
713,OFF ROAD PAKET
715,M AERODYNAMIKPAKET
716,M AERODYNAMIKPAKET II
717,COMFORT EDITION
718,EXCLUSIV EDITION
719,SPORT EDITION
721,EDITION EXECUTIVE ZB
722,EDITION LIFESTYLE
723,EDITION EXCLUSIVE
724,EDITION SPORT
725,PREMIUMPAKET
726,EDITION EXECUTIVE ZN
727,EDITION EXECUTIVE ZO
728,EDITION EXECUTIVE ZV
729,EDITION EXECUTIVE IMPORTEURE
731,EDITION II
732,INTERIEURLEISTE KOHLEFASER PYRIT
733,INTERIEURLEISTE HOLZ YACHTLINE
734,keine Angabe
735,keine Angabe
736,2. FUNKFERNBEDIENUNGSSCHLUESSEL
737,"INTERIEURLEISTE ALU SHADOW, GEB."
738,EDELHOLZAUSFUEHRUNG
739,EDELHOLZAUSFUEHRUNG
750,VIDEOANLAGE IM FOND (PAL)
751,VIDEOANLAGE IM FOND (NTSC)
752,INDIVIDUAL AUDIOSYSTEM
753,YOUNGLINE
754,M HECKSPOILER
755,INDIVIDUAL OPEN-AIR FALTVERDECK
756,INDIVIDUAL LM RAEDER RUNDSPEICHE
757,INDIVIDUAL SOUNDPAKET
759,INDIVIDUAL FAMILY
760,INDIVIDUAL HOCHGLANZ SHADOW LINE
761,INDIVIDUAL SONNENSCHUTZVERGLASUNG
763,INDIVIDUAL SERIE 80 ANNIVERSARY JAP
764,HIGH LINE US
766,INDIVIDUALSERIE AVUS EDITION
767,PERFORMANCE-PAKET
768,CLUBSPORT
769,INDIVIDUALSERIE
770,INTERIEURLEISTE ALU CUBE SILBER
771,INTERIEURLEISTEN TITAN SHADOW
772,INTERIEURLEISTE ALU BLACK CUBE
773,EDELHOLZAUSFUEHRUNG
774,INDIVIDUAL EDELHOLZAUSFUEHRUNG
775,INDIVIDUAL DACHHIMMEL ANTHRAZIT
776,INDIVIDUAL DACHH. ALCANTARA ANTHR.
777,INDIV. GEPAECKRAUMVERKL. ALCANT. AN
778,EINSTIEGSLEISTEN BMW INDIVIDUAL
779,CARBON LINE
780,M LM RAEDER PARALLELSPEICHE
781,M LM RAD KONTUR
782,M LM RAD SYSTEM II
783,M SCHMIEDERAD DOPPELSPEICHENSTYL.
784,M AUSSENSPIEGEL INKL. M STOSSLEISTE
785,WEISSE BLINKLEUCHTEN
786,MASSNAHMEN 17-RAEDER
787,M LM RAEDER DOPPELSP. 135 M/MISCHB.
788,M LEICHTMETALLRAEDER
789,M LM-RAEDER MIT MISCHBEREIFUNG
790,M LM-RAEDER MIT MISCHBEREIFUNG
791,INDIVIDUAL KUEHLBOX
792,"M LM-RAEDER DOPPELSPEICHE 67, 19"
793,SMG DRIVELOGIC
795,VERBUNDRAEDER MIT MISCHBEREIFUNG
798,INDIVIDUAL VERDECK MAGENTA
7A2,keine Angabe
7AC,keine Angabe
7AD,keine Angabe
7AQ,keine Angabe
7AR,AERODYNAMIKPAKET
7BA,MINI REPAIR INCLUSIVE 3/90
7BB,MINI REPAIR INCLUSIVE 4/90
7BC,MINI REPAIR INCLUSIVE 5/90
7BD,MINI REPAIR INCLUSIVE 6/90
7BE,MINI REPAIR INCLUSIVE 3/60
7BF,MINI REPAIR INCLUSIVE 5/50
7BG,MINI REPAIR INCLUSIVE 3 JAHRESP.
7BH,MINI SERVICE INCLUSIVE FIX CA 2/160
7BK,MINI SERVICE INCLUSIVE FIX CA 3/160
7CA,BMW REPAIR INCLUSIVE 3/100
7CB,BMW REPAIR INCLUSIVE 4/80
7CC,BMW REPAIR INCLUSIVE 4/100
7CD,BMW REPAIR INCLUSIVE 5/100
7CE,BMW REPAIR INCLUSIVE 5/120
7CF,BMW REPAIR INCLUSIVE 3/80
7CG,BMW REPAIR INCLUSIVE JP 3/200
7CH,BMW REPAIR INCLUSIVE JP 4/200
7CK,BMW REPAIR INCLUSIVE JP 5/200
7CL,BMW REPAIR INCLUSIVE 4/120
7D1,BMW SERVICE INCL. PLUS JP 5/200
7D2,BMW SERVICE INCL. JP 3/200
7D3,BMW REPAIR INCLUSIVE 5/60
7D4,BMW SERVICE INCL.ULTIMATE 3 JAHRESP
7D5,BMW SERVICE INCL.ULTIMATE 4 JAHRESP
7D6,BMW SERVICE INCLUSIVE   JP 4/200
7D7,BMW SERVICE INCLUSIVE PLUS 3/40
7D8,BMW SERVICE INCLUSIVE ULTIMATE 3/40
7DA,BMW SERVICE INCLUSIVE 3/90
7DB,BMW SERVICE INCLUSIVE PLUS 3/90
7DC,BMW SERVICE INCL. ULTIMATE 3/90
7DD,BMW SERVICE INCLUSIVE 4/60
7DE,BMW SERVICE INCLUSIVE PLUS 4/60
7DF,BMW SERICE INCL. ULTIMATE 4/60
7DG,BMW SERVICE INCLUSIVE PLUS 6/200
7N6,BMW SERVICE INCL. ULTIMATE 4/120
7N7,BMW SERVICE INCLUSIVE 5/80
7N8,BMW SERVICE INCLUSIVE PLUS 5/80
7N9,BMW SERVICE INCL. ULTIMATE 5/80
7NA,BMW SERVICE INCLUSIVE PLUS 5/100
7NB,BMW SERVICE INCL. ULTIMATE 5/100
7NC,BMW SERVICE INCLUSIVE PLUS 5/120
7ND,BMW SERVICE INCL. ULTIMATE 5/120
7NE,BMW SERVICE INCLUSIVE PLUS 6/150
7NF,BMW SERVICE INCL. ULTIMATE 6/150
7NG,BMW SERVICE INCLUSIVE 3/60
7NH,BMW SERVICE INCLUSIVE 5/100
7NK,BMW SERVICE INCLUSIVE PLUS 5/60
7NL,BMW SERVICE INCL. ULTIMATE 5/60
7NM,BMW SERVICE INCLUSIVE PLUS 3/60
7NN,BMW SERVICE INCL. ULTIMATE 3/60
7NP,BMW REPAIR INCLUSIVE CA 2/160
7NR,BMW REPAIR INCLUSIVE CA 3/160
7NS,BMW SERVICE + REPAIR INCL. 3/100
7NT,BMW  SERVICE INCLUSIVE 3/80
7NU,BMW SERVICE INCLUSIVE PLUS 3/80
7NV,BMW SERVICE INCL. ULTIMATE 3/80
7NW,BMW SERVICE INCLUSIVE 5/60
7NX,BMW SERVICE INCLUSIVE 4/80
7NY,BMW SERVICE INCLUSIVE PLUS 4/80
7NZ,BMW SERVICE INCL. ULTIMATE 4/80
7P1,MINI SERVICE INCLUSIVE L  JP 4/200
7P2,MINI SERVICE INCL. L - 2 J./200.000
7P3,MINI SERVICE INCL. L - 3 J./200.000
7P4,MINI SERVICE INCL. L - 4 J./200.000
7P5,MINI SERVICE INCL. JP 5/200
7P6,MINI SERVICE INCLUSIVE L  JP 5/200
7P7,MINI SERVICE INCL. XL - 2 J./200.00
7P8,MINI SERVICE INCL. XL - 3 J./200.00
7P9,MINI SERVICE INCL. XL - 4 J./200.00
7PA,MINI SERVICE INCLUSIVE 6/60
7PB,MINI SERVICE+REPAIR INCLUSIVE 6/60
7PC,MINI BASIC SERVICE INCLUSIVE 6/60
7PD,MINI BASIC SERVICE INCLUSIVE 6/90
7PE,MINI SERVICE INCLUSIVE 6/90
7PF,MINI SERVICE + REPAIR INCL. 6/90
7PG,MINI BASIC SERVICE INCLUSIVE 5/50
7PH,MINI SERVICE INCLUSIVE 5/50
7PK,MINI SERVICE+REPAIR INCLUSIVE 5/50
7PL,MINI BASIC SERVICE INCLUSIVE 3/50
7PM,MINI SERVICE INCLUSIVE 3/50
7PN,MINI SERVICE+REPAIR INCLUSIVE 3/50
7PP,MINI BASIC SERVICE INCLUSIVE 3/70
7PR,MINI SERVICE INCLUSIVE 3/70
7PS,MINI SERVICE+REPAIR INCLUSIVE 3/70
7PT,MINI BASIC SERVICE INCLUSIVE 3/90
7PU,MINI SERVICE INCLUSIVE 3/90
7PV,MINI SERVICE+REPAIR INCLUSIVE 3/90
7PW,MINI BASIC SERVICE INCL. 5/70
7PX,MINI SERVICE INCLUSIVE 5/70
7PY,MINI SERVICE+REPAIR INCL. 5/70
7R3,keine Angabe
7R7,keine Angabe
7RS,keine Angabe
7RX,keine Angabe
7RY,keine Angabe
7RZ,keine Angabe
7S0,keine Angabe
7S1,keine Angabe
7S2,keine Angabe
7S5,keine Angabe
7S9,keine Angabe
7SK,keine Angabe
7SN,NAVI BUSINESS M.HANDYVORB.BLUETOOTH
7SP,NAVI PROFESSINAL M.HANDYVORB.BLUETO
7SR,keine Angabe
7T1,BMW SERVICE INCLUSIVE 5/120
7T2,BMW SERVICE INCLUSIVE 6/150
7T3,BMW SERVICE INCLUSIVE 6/200
7T4,BMW SERVICE INCLUSIVE 10/200
7T5,BMW SERVICE INCLUSIVE PLUS 10/200
7T6,BMW SERVICE INCLUSIVE 6/110
7T7,BMW SERVICE INCLUSIVE PLUS 6/110
7T8,BMW SERVICE INCL. ULTIMATE 6/110
7TA,BMW SERVICE INCLUSIVE 3/200
7TB,MINI SERVICE INCLUSIVE L  3/200
7TC,MINI SERVICE INCLUSIVE L 1/200
7TD,MINI SERVICE INCLUSIVE L 2/200
7TE,BMW SERVICE INCLUSIVE 1/200
7TF,BMW SERVICE INCLUSIVE PLUS 3/200
7TG,MINI SERVICE INCLUSIVE XL 3/200
7TH,BMW SERVICE INCLUSIVE 99/999
7TK,BMW SERVICE INCLUSIVE PLUS 99/999
7TL,BMW SERVICE INCLUSIVE 2/200
7TM,BMW REPAIR INCLUSIVE 3/200
7TN,MINI SERVICE INCLUSIVE FIX 3/200
7TP,MINI SERVICE INCLUSIVE XL 1/200
7TR,MINI SERVICE INCLUSIVE XL 2/200
7TS,BMW SERVICE INCLUSIVE PLUS 1/200
7TT,MINI SERVICE INCLUSIVE FIX 1/200
7TU,MINI SERVICE INCLUSIVE FIX 2/200
7TV,BMW SERVICE INCLUS. ULTIMATE 99/999
7TW,BMW REPAIR INCLUSIVE 99/999
7TX,BMW SERVICE INCLUSIVE PLUS 2/200
7TY,BMW REPAIR INCLUSIVE 1/200
7TZ,BMW REPAIR INCLUSIVE 2/200
7U1,BMW REPAIR INCLUSIVE 6/120
7U2,BMW REPAIR INCLUSIVE 6/200
7U9,ENTFALL BMW SERVICE INCLUSIVE
7UA,BMW SERVICE INCLUSIVE 6/120
7UB,BMW SERVICE INCLUSIVE PLUS 6/120
7UC,BMW SERVICE INCL. ULTIMATE 6/120
7UD,BMW SERVICE INCLUSIVE 7/140
7UE,BMW SERVICE INCLUSIVE PLUS 7/140
7UF,BMW SERVICE INCLUSIVE 8/160
7UG,BMW SERVICE INCLUSIVE PLUS 8/160
7UH,BMW SERVICE INCLUSIVE 9/180
7UK,BMW SERVICE INCLUSIVE PLUS 9/180
7US,BMW SERVICE INCLUSIVE 3/40
7UT,BMW REPAIR INCLUSIVE 3/40
7UU,BMW REPAIR INCLUSIVE 3/60
7V1,keine Angabe
7V2,keine Angabe
7V4,keine Angabe
7V6,keine Angabe
7VA,keine Angabe
7VB,keine Angabe
7VD,keine Angabe
7VE,keine Angabe
7VF,keine Angabe
7VG,keine Angabe
7VH,keine Angabe
7VU,keine Angabe
7VV,keine Angabe
7VW,keine Angabe
7VX,keine Angabe
7VY,keine Angabe
7VZ,keine Angabe
7XA,M LEDERLENK.+SCHALTWIP.+MULTIF.
7XP,keine Angabe
7XU,keine Angabe
7XV,keine Angabe
7Y7,keine Angabe
7Y8,keine Angabe
7Y9,keine Angabe
800,KATALYSATORANLAGE LAENDER
801,DEUTSCHLAND-AUSFUEHRUNG
802,KOREA-AUSFUEHRUNG
803,ENTFALL 3. BREMSLEUCHTE
805,AKTIVKOHLEFILTER
806,3. BREMSLEUCHTE
807,JAPAN-AUSFUEHRUNG
810,AUSTRALIEN-AUSFUEHRUNG
812,ENGLAND/IRLAND AUSFUEHRUNG
815,SCHLECHTWEGEPAKET
817,MOTORAUSLEGUNG ROZ 91
818,BATTERIEHAUPTSCHALTER
822,GOLF-AUSFUEHRUNG
823,HEISSLAND-AUSFUEHRUNG
825,RADIO-STEUERUNG OZEANIEN
826,FAHRWERK-EXPORTABSTIMMUNG
828,STOSSFAENGER LAENDERVARIANTEN
829,CABRIOUMBAU-VORBEREITUNG
831,MID OHNE RADIO
832,BATTERIE IM KOFFERRAUM
834,ENTFALLUMFAENGE 330D FRANKREICH
835,US-TOURISTEN-AUSFUEHRUNG
836,ENTFALL BAV  CD 6 SELEKTION
837,NAVIGATTIONSSYSTEM ENTFALL
838,KANADA-AUSFUEHRUNG
839,PSEUDOZUSTEUERUNG ENTFALL SA
840,HOCHGESCHWINDIGKEITSABSTIMMUNG
841,SA-PAKET-PSEUDO-SCHL.-NR.
842,KALTLAND-AUSFUEHRUNG
843,MOTORAUSLEGUNG
845,AKUSTISCHE GURTWARNUNG
847,VORBEREITUNG F. SICHERHEITSFAHRZEUG
848,ERWEITERTER KABELBAUM
849,ENTFALL AUTOMATISCHER NOTRUF
850,ZUSAETZL. TANKFUELLUNG EXPORT
851,SPRACHVERSION DEUTSCH
852,SPRACHVERSION JAPANISCH
853,SPRACHVERSION ENGLISCH
854,SPRACHVERSION FRANZOESISCH
855,SPRACHVERSION ITALIENISCH
856,SPRACHVERSION SPANISCH
857,KLIMAAUTOMATIKVORBEREITUNG
858,MOTORAUSLEGUNG F.MIND.KRAFTSTOFF
859,DEKODIERUNG TV
8AZ,BRASILIANISCH PORTUGIESISCH / BORDL
8BB,LUFTFUEHRUNG EXPORT
8BC,LEISTUNGSREDUZIERUNG II
8BK,LADEDOSE EXPORT
8BL,"LADEKABEL, ENTFALL"
8EB,STEUERUNG EINZELBETRIEBSERLAUBNIS
8EK,STEUERUNG KAROSSERIE
8GV,GVO-LAGER-AUSFUEHRUNG
8HA,FILMFAHRZEUG
8KA,OELWARTUNGSINT. 30.000KM/24MONATE
8KB,OELWARTUNGSINT. 25.000KM/24MONATE
8KC,OELWARTUNGSINT. 24.000KM/24MONATE
8KE,OELWARTUNGSINT. 12.000KM/24MONATE
8KH,OELWARTUNGSINT. 20.000KM/18MONATE
8KK,OELWARTUNGSINT. 15.000KM/18MONATE
8KL,OELWARTUNGSINT. 15.000KM/12MONATE
8KM,OELWARTUNGSINT. 12.000KM/12MONATE
8KP,OELWARTUNGSINT. 8.000KM/12MONATE
8KY,OELWARTUNGSINTERVALL 12 MONATE
8KZ,OELWARTUNGSINTERVALL 24 MONATE
8L1,LAENDERSTEUERUNG 00005
8L2,LAENDERSTEUERUNG 00206
8LA,LAENDERSTEUERUNG 01626
8LB,LAENDERSTEUERUNG 00464
8LC,LAENDERSTEUERUNG 01626
8LD,LAENDERSTEUERUNG 01622
8LF,LAENDERSTEUERUNG 02331
8LH,LAENDERSTEUERUNG 04142
8LK,LAENDERSTEUERUNG 04824
8LM,LAENDERSTEUERUNG 10360
8LR,LAENDERSTEUERUNG 10323
8LS,LAENDERSTEUERUNG 00780
8LT,LAENDERSTEUERUNG 04825
8LU,LAENDERSTEUERUNG 04834
8LZ,LAENDERSTEUERUNG 09090
8R9,KAELTEMITTEL
8RE,8-FACH BEREIFUNG
8S1,DEKODIERUNG TAGFAHRLEUCHTEN
8S2,KODIERUNG ALARMSIGNAL
8S3,AUTOM. VERRIEGELUNG BEIM ANFAHREN
8S4,DECODIERUNG VARIABLE LICHTVERTEILUN
8S5,ENTFALL DIESELPARTIKELFILTER
8S6,VORVERKAUFT FUER EXPORT
8S7,FAHRZEUGE OHNE TV-FUNKTION
8S8,LAENDERSPEZ. NAVI ZUST. (FUER ACC)
8S9,NON FUEL FAHRZEUG
8SA,LAENDERSPEZ. NAVI.-FREISCHALTUNG
8SB,LAENDERSPEZ. TELEMATIKFREISCH.
8SC,LAENDERSPEZ. TELESERVICEFREISCH.
8SD,UNTERFAHRSCHUTZ LAENDER
8SE,4-SITZIGKEIT
8SF,HIGHLINE SPORT
8SG,HIGHLINE EXCLUSIV
8SH,THAILAND MOTOR
8SK,ENTFALL INTERIEUR LINE GRAPHIT MET
8SL,VORBEREITUNG FUER ANHAENGERKUPPLUNG
8SM,"FAHRGESTELLNUMMER,V.AUSSEN SICHTBAR"
8SP,COP STEUERUNG
8SR,SPECIAL EDITION LIFESTYLE
8SS,SONDERSTEUERUNG SPECIAL EDITION
8ST,KODIERUNG WARTUNGSINTERVALL STUFE 3
8SU,FAHRGESTELLNUMMER FUER SECURITY
8SV,FREISPRECHEINRICHTUNG
8SW,TRANSPORTSCHUTZFOLIE
8SX,PROVIDERSTEUERUNG TELEMATIK 1
8SY,BERICHTIGUNG GEBRAUCHTE AUTOMOBILE
8SZ,DEKODIERUNG ABBIEGELICHT
8T1,ROBI-OPTION-CODES
8T2,ROBI-CODE EXTENDED
8TA,RADIOSTUFE M DRIVE
8TB,AKUSTIKPAKET
8TC,FREQUENZBAND RADARSENSORIK
8TD,DECODIERUNG SPEED LIMIT INFO
8TE,RDC FREQUENZVARIANTE
8TF,AKTIVER FUSSGAENGERSCHUTZ.
8TG,DIEBSTAHLSICHERUNG
8TH,SPEED LIMIT INFO
8TK,PASSIVER FUSSGAENGERSCHUTZ
8TL,TAGFAHRLICHT FRONT UND HECK AKTIV
8TM,TAGFAHRLICHT BEI FAHRZEUGSTART INAK
8TN,TAGFAHRLICHT UEBER LICHTMENUE EINST
8TP,STEUERUNG N1
8TR,DEKODIERUNG ZUSATZFUNKTIONEN
8V1,HINWEISSCHILD NCAP
8V2,HINWEISSCHILD NCAP NIED/DEAN/SCHWED
8V3,HINWEISSCHILD NCAP ESTN/LETTI/LITTA
8V4,HINWEISSCHILD NCAP BULG/SLOWEN
8V5,HINWEISSCHILD NCAP RUM/SLOWAK/TSCHE
8V6,HINWEISSCHILD NCAP SPAN/PORTU/FRANZ
8V7,HINWEISSCHILD NCAP GRIECH/UNGAR/POL
8WA,STEUERUNG A
8WB,STEUERUNG B
8Y1,SONDERSTEUERUNG KBB EI
8Y2,SONDERSTEUERUNG KBB EI MOT/GETR.
8Y3,SONDERSTEUERUNG KBB EI FAHRWERK
8Y4,ARBEITSSTAND RESERVIERT
900,ANERK  WEGFAHRSICHERUNG LT AZT/TUEV
901,SONDERKONTROLLE FILMFAHRZEUGE
902,SONDERKONTROLLE PRESSEWAGEN
903,SONDERKONTROLLE STAND-/FOTOWAGEN
904,SONDERKONTROLLE TYPPRUEFWAGEN
905,SONDERKONTROLLE VORFUEHRWAGEN
906,SONDERKONTROLLE FOTOFAHRZ.B.NEUANL.
907,JAMES BOND EDITION
908,SPOC
909,ANALYSESTECKER
910,KSP-STEUERUNG OHNE UEBERGABEINSP.
911,KSP-STEUERUNG MIT UEBERGABEINSP.
912,keine Angabe
914,keine Angabe
915,AUSSENHAUTSCHUTZ ENTFALL
916,ENTWICKLUNGSFZG.OHNE KONSERVIERUNG
917,TRANSPACK
918,"ALPINA,B3, INTERN"
919,STEUERUNG M3 ALU-TUEREN
920,"ALPINA, OHNE BRIEF"
921,ALPINA  INTERN
922,"ALPINA,MOTOROELKUEHLER"
923,TITAN LINE INTERIEUR ENTFALL
924,FALTRAD
925,VERSANDSCHUTZPAKET
926,ERSATZRAD
927,ALL SEASON BEREIFUNG
928,REIFENSTEUERUNG
929,WINDSCHUTZ BEIGELEGT
930,BERUECKSICHTIGUNG PREISABHAENGIGK.
931,WINTERRAEDER STATT SOMMERRAEDER
932,WINTERRAEDER ZUSAETZLICH
933,RADKAPPEN FUER WINTERRAEDER
934,WINTERREIFEN AUF LM-RAEDER
936,BMW HANDY BEI AUSLIEF. ANFORDERN
937,NAVI CD ROM BEI AUSLIEF. ANFORDERN
938,STEUERUNG ZS-INDIVIDUALSERIEN
939,BERUECKSICHTIGUNG PREISABHAENGIGK.
940,SONDERWUNSCH AUSSTATTUNG
941,EXTERNE NACHRUESTUNG
942,STORNO SONDERWUNSCH
943,SONDERWUNSCH MOTORSPORT-WERK
944,NACHTRAEGL. UMBAU DURCH ZS
945,BERUECKSICHTIGUNG PREISABHAENGK.
946,BERUECKSICHTIGUNG PREISABHAENGIGK.
947,BERUECKSICHTIGUNG SERIENSITZ
948,keine Angabe
949,keine Angabe
950,keine Angabe
953,keine Angabe
955,keine Angabe
956,keine Angabe
957,keine Angabe
960,LENKWINKELBEGRENZUNG
961,SONDERMOTOR
962,KENNZEICHENTRAEGER VORNE ENTFALL
963,THAILAND-MOTOR 2.394CC
964,NAVI DVD BEI AUSLIEF. ANFORDERN
965,SW/ANGEPASSTE TRAGFEDER VORN 25KG
966,SW/ANGEPASSTE TRAGFEDER VORN 50KG
967,SW/ANGEPASSTE TRAGFEDER HINTEN 25KG
968,SW/ANGEPASSTE TRAGFEDER HINTEN 50KG
969,NAVI DVD SA606 B.AUSLIEF.ANFORDERN
970,BUSINESSPAKET
971,keine Angabe
973,keine Angabe
975,keine Angabe
976,keine Angabe
977,keine Angabe
978,INNOVATIONSPACKAGE
979,VALUE PACKAGE
980,EXKLUSIVPAKET
981,keine Angabe
982,HARDTOP IN WAGENFARBE
983,MODELLJAHR EXPORT
984,KODIERUNG WARTUNGSINTERVALL
985,US-RADIOERGAENZUNGSSATZ
986,TERMINPRUEFUNG
987,EXISTENZPRUEFUNG
988,KODIERUNG WARTUNGSINTERVALL STUFE 2
989,ABGRENZUNG MODELLUEBERARBEITUNG
990,STEUERUNG ANLAUFSERIE
991,STEUERUNG VORSERIE
992,STEUERUNG KENNZEICHENBEFESTIGUNG
993,MODELLJAHRESCODE
994,BESONDERE STEUERUNG
995,AENDERUNGSSPERRE
996,AUFTRAGSSTEUERUNG HEA ALT
997,HAENDLERPRAESENTATION
998,ANLAUFSTEUERUNG INTERNE BEDARFE
999,AUFTRAGSSTEUERUNG HEA
9A2,keine Angabe
9A3,keine Angabe
9A4,keine Angabe
9A6,keine Angabe
9A7,keine Angabe
9AA,AUSSENHAUTSCHUTZ
9AB,AUSSENHAUTSCHUTZ ENTFALL
9AC,TARNUNG NSG FAHRZEUGE
9AD,ABSCHLIESSBARE TARNPLANE
9AE,ENTWICKLUNGSKONFIGURATION E/E DATEN
9AG,MODELLJAHR EXPORT II
9AW,AUSLIEFERUNG BMW WELT
9B8,keine Angabe
9B9,keine Angabe
9BD,keine Angabe
9BH,keine Angabe
9BK,keine Angabe
9BM,keine Angabe
9BU,keine Angabe
9BV,keine Angabe
RB6,ARMORED LIMOUSINE
RC1,EDELSTAHL PAKET
RC2,TEAK DECKING
RC3,VENEERED INTERIOR CAPPINGS
RC4,CHROM U.LACK STATT HOLZ
RC5,HOCHGLANZ EDELSTAHL PAKET
RC6,ZIERLEISTE SEITENRAHMEN CHROMLOOK
RC7,HOLZVERKLEIDUNG
RC8,NATURAL GRAIN LEATHER
RC9,WILLOW GRAIN LEATHER RR1
RD1,"ZWEIFARBENLACKIERUNG, SEITENWAND"
RD2,"ZWEIFARBENLACKIERUNG, UMLAUFEND"
RD3,ZIERLINIE
RD4,"ZIERLINIE, DOPPELT"
RD5,INDIVIDUALISIERTE SPIRIT OF ECSTACY
RD6,BLAU-CHROM
RD7,EXTERIOR CONTRAST COLOUR
RD8,INTERIOR MONO PACKAGE
RD9,LINEAR COLOUR PACKAGE
RDA,STANDARD 6090 EWB
RDB,BESPOKE LACKAPPLIKATIONEN
RDC,SONNENSCHIRM FUER RR1/2/3)
RE0,21 ZOLL ALU-RAD 417 KOMPLETT POLIE
RE1,21 ZOLL ALU-RAD 422 TEILPOLIERT
RE2,21SCHMIEDERAD 267 DUNKLER KLARLAC
RE3,SITZHEIZUNG VORNE UND HINTEN
RE4,INTEGRIERTE UNIVERSALFERNBEDIENUNG
RE5,STANDKLIMATISIERUNG
RE7,LADESTECKDOSE
RE8,STAERKERE STROMVERSORGUNG
RE9,ELEKTRISCH VERSENKBARE SPIRIT OF EC
REA,VORHAENGE FUER FONDRAUM
REB,AUTOMATISCHE HECKKLAPPENBETAETIGUNG
REC,FONDKLIMATISIERUNG
RED,VORHANG ELEKTR. FUER HECKSCHEIBE
REF,"SONNENSCHUTZ HECKSCHEIBE, OYSTER"
REG,"SONNENSCHUTZ HECKSCHEIBE, SCHWARZ"
REH,"SONNENSCHUTZ FONDRAUM, OYSTER"
REK,"SONNENSCHUTZ FONDRAUM, SCHWARZ"
REL,CAMERA SYSTEM
REM,COOL BOX FOR INDIVIDUAL SEATS
REN,COOL BOX FOR LOUNGE SEAT
REP,FUSSSTUETZE FUER FOND
RER,FONDKLIMATISIERUNG
RES,SEAT PIPING
RET,REAR SEAT HEATING RR2/3
REW,EXTENDED WHEEL BASE
REX,19LM-GUS SRAEDER STYLING 614 LACKIE
REY,21LM-SCHMIEDERAEDER STYLING 615 LA
RF0,21SCHMIEDERAD STYL. 615 VOLLPOLIER
RF1,"LEICHTMETALLRAD, VERCHROMT"
RF2,"MITTELKAPPE SERIENRAD, CHROM"
RF3,MITTELKAPPE M SELBSTAUSRICH. RR-SYM
RF4,LEICHTMETALLRAD SPORT STYLE
RF5,"LEICHTMETALLRAD SPORT STYLE,VERCHR."
RF6,"MITTELKAPPE SPORTSTYLERAD, CHROM"
RF7,PERFORMANCE TYRES
RF8,ALL SEASON TYRES
RF9,"MITTELKAPPE SERIENRAD, IN WAGENFARB"
RFA,20 LEICHTMETALLRAEDER 274
RFB,20 CHROMED WHEELS 274
RFC,SEVEN SPOKES 21 FORGED WHEEL
RFD,21 FORGED PT POLISHED 7 SPK ALLOYS
RFE,20FORGED ALLOY WHEELS 420
RFF,19 LEICHTMETALLRAEDER 273
RFG,20LM-GUS SRAEDER STYLING 462 LACKIE
RFH,21LM-SCHMIEDERAEDER STYLING 593 LA
RFK,21LM-SCHMIEDERAEDER STYLING 593 VO
RFL,20SCHMIEDERAD STYL. 420 TEILPOLIER
RFM,20SCHMIEDERAD STYL. 420 VOLLPOLIER
RFN,21LM-SCHMIEDERAEDER STYLING 593 BI
RFP,21 7 SPK.FORGED W. FULLY POLISHED
RFR,"MITTELKAPPE SERIENRAD, WAGENFARB"
RFT,21FORGED TEN SPOKE ALLOY WHEELS
RFU,21FRGD PRT POLISHED 10 SPK ALLOYS
RFV,21FRGD ELEVEN SPOKE ALLOY WHEELS (
RFW,21FRGD FULLY POLISHED 11 SPK ALLOY
RFX,21LM-SCHMIEDERAEDER STYLING 602 LA
RFY,21LM-SCHMIEDERAEDER STYLING 602 BI
RG1,FORGED STAR DESIGN ALLOY WHEELS
RG2,21 STAR FORGED W. PART POLISHED
RG3,KLARGLAS-FRONTSCHEIBE
RG4,IR-SCHUTZVERGLASUNG FUER SEITENSCHE
RG5,SONNENSCHUTZVERGLASUNG HINTEN
RG7,CASHMERE HEADLINER IN BLACK
RG8,LEATHER HEADLINIG
RG9,ERWEITERTE LEDERAUSSTATTUNG
RGG,CASHMERE HEADLINER IN DARK GREY
RGL,21SCHMIEDERAD STYL. 602 VOLLPOLIER
RGM,20LM-GUS SRAEDER STYLING 462 VERCH
RGN,20LM-GUS SRAEDER STYLING 462 BICOLO
RGP,21 FRGD FULLY POLISHED STAR ALLOYS
RH1,HOLZ FIGURED MAHOGANY W. CROSSBAND.
RH2,HOLZ WALNUT BURR W. CROSSBANDING
RH3,HOLZ WALNUT HI-GLOSS
RH4,HOLZ OAK BURR W. CROSSBANDING
RH5,HOLZ OAK BURR
RH6,HOLZ ELM CLUSTER W. CROSSBANDING
RH7,HOLZ ELM CLUSTER
RH8,HOLZ DARK BIRDS EYE MAPLE W. CROSS.
RH9,HOLZ DARK BIRDS EYE MAPLE
RHA,HOLZ BLACK TULIP
RHB,HOLZ ROSEWOOD
RHC,HOLZ ASH BURR
RHD,HOLZ PIANO BLACK
RHE,HOLZ BROWN OAK
RHF,HOLZ CHESTNUT BURR
RHG,OLIVE ASH BURR
RHH,MAHOGANY FLARE CROSSBANDING
RHK,SANTOS PALISSANDER CROSSBANDING
RHM,ASH BURR CROSSBANDING
RHN,ZEBRANO
RHP,HOLZ MALABAR
RHR,DARK WENGE STRAIGHT-GRAIN
RK1,TV- UND NAVIGATIONSSYSTEM
RK2,ASSIST
RK5,SPRACHVERARBEITUNGSSYSTEM
RL1,"LENKRAD, AUFGEPOLSTERT"
RM1,SICHTBARE MOTORNUMMER
RM2,TOP SPEED FUER US/CDN
RM3,VISIBLE TWIN EXHAUST TAILPIPES
RM6,DRIVER`S PACKAGE
RMK,EAST ASIA EDITION
RP1,BUSINESS-PAKET 1
RP2,BUSINESS-PAKET 2
RPD,IPOD INTEGRATION
RPE,ROLLS-ROYCE BESPOKE AUDIO
RPP,PARTITION PREPERATION
RR5,CD-WECHSLER 6-FACH
RR6,DVD-WECHSLER 6-FACH
RR7,NAVI-DVD NORDAMERIKA
RR8,NAVI-DVD EUROPA
RR9,NAVI-DVD ARABISCHER GOLF
RRA,NAVI-DVD JAPAN
RRB,NAVI-DVD SINGAPORE AND MALAYSIA
RRD,NAVI-DVD FOR CHINA/HONGKONG
RRE,NAVI-DVD FOR KOREA
RRS,STARBURST HEADLINER
RSC,STARLIGHT HEADLINING BAMBOO
RSD,STARLIGHT HEADLINING DARK GREY
RT1,AUTOTELEFON MIT SCHNURLOSEM HOERER
RT3,KOMPLETT-VB HANDY USA/CDN
RT4,"ZWEITHOERER IM FOND, SCHNURLOS"
RT5,KOMPLETT-VORBEREITUNG HANDY
RT6,INTEGR. TELEF. M. SCHNURL. BEDIENH.
RT7,VORBEREITUNG HANDY BLUETOOTH INTERF
RV1,VERDECK SCHWARZ
RV2,VERDECK BEIGE
RV3,VERDECK BLAU
RV4,VERDECK ROT
RV5,VERDECK GRUEN
RV6,VERDECK METALL-OPTIK
RV7,VERDECK DUNKELBRAUN
RVX,BESPOKE HOOD
RXL,EXTENDED BOOT
RZ1,ENTFALL TRANSPORTSCHUTZMASSNAHMEN
V01,CRASHPAKET 01
V02,CRASHPAKET 02
V03,CRASHPAKET 03
V04,CRASHPAKET 04
V05,CRASHPAKET 05
V06,CRASHPAKET 06
V07,CRASHPAKET 07
V08,CRASHPAKET 08
V09,CRASHPAKET 09
V0A,TEILAUBAU H22
V0B,TEILAUBAU H26
V0C,TEILAUBAU H27
V0D,TEILAUFBAU M62
V0E,TEILAUBAU V33
V0F,TEILAUFBAU M61
V0G,TEILAUBAU R30
V0H,TEILAUBAU R33
V0I,TEILAUBAU R34
V0J,TEILAUBAU R37
V0K,TEILAUBAU R38
V0L,TEILAUBAU R41
V0M,TEILAUBAU R42
V0N,TEILAUBAU R43
V0O,TEILAUBAU R44
V0P,TEILAUBAU R45
V0Q,TEILAUBAU T24
V0R,TEILAUBAU V21
V0S,TEILAUBAU V24
V0T,TEILAUBAU V25
V0U,TEILAUBAU V26
V0V,TEILAUBAU V27
V0W,TEILAUBAU V28
V0X,TEILAUBAU V29
V0Y,TEILAUBAU V30
V0Z,TEILAUBAU V31
V10,DYKO FZG 00
V11,DYKO FZG 01
V12,DYKO FZG 02
V13,DYKO FZG 03
V14,DYKO FZG 04
V15,DYKO FZG 05
V16,DYKO FZG 06
V17,DYKO FZG 07
V18,DYKO FZG 08
V19,RECHTSLENKER
V1A,Q-MOTOR R60
V1B,ALUFELGEN 18 ZOLL
V1C,ALUFELGEN 16 ZOLL
V1D,5.ANSCHRAUBPUNKT
V1E,ENTFALL DACHREHLING
V1F,ENTFALL RUECKSITZBANK
V1G,LAMINAT SCHWELLER TEILE RECHTS
V1H,R60 EBGK7
V1I,VERSUCHS SA K2001/3/5/7
V1J,R60 EBGK28
V1K,VERSUCHS SA K2012
V1L,VERSUCHS SA K2017
V1M,VERSUCHS SA K2019
V1N,VERSUCHS SA K2021
V1O,VERSUCHS SA K2034
V1P,VERSUCHS SA K2010
V1Q,VERSUCHS SA K2013
V1R,V-SA K2035 ENTFALL A
V1S,VERSUCHS SA K2025
V1T,VERSUCHS SA K2008
V1U,VERTEILERGETRIEBE DUMMY
V1V,VERSUCHS SA K2026
V1W,VERSUCHS SA K2005
V1Y,R60 EBGK17
V1Z,R60 EBGK22
V20,STUETZTR. RADHAUS INNEN 00
V21,STUETZTR. RADHAUS AUSSEN 01
V22,ABST. MOTORTRAEG. HINTEN02
V23,VERBINDUNG AUSSEN 03
V24,ALLRAD F07
V25,FESTIGKEIT/MATERIALREDUZIERUNG 05
V26,FESTIGKEIT/MATERIALREDUZIERUNG 06
V27,FESTIGKEIT/MATERIALREDUZIERUNG 07
V28,FESTIGKEIT/MATERIALREDUZIERUNG 08
V29,FESTIGKEIT/MATERIALREDUZIERUNG 09
V2A,TUERVER.LINKS CHRASHPAD
V2B,EBG2 HANDBREMSHEBEL
V2C,GITTER U. FINISCHER COOPER
V2D,TEILAUFBAU H23
V2E,EBG K15
V2F,R60 EBGK29
V2G,R60 EBGK30
V2H,R60 EBGK31
V2I,R60 EBGK32
V2J,TABEBG 1
V2K,LEISTE UEBERZOGEN
V2L,STEUERUNG US TEILE
V2M,TEILEUMFANG 1
V2N,TEILEUMFANG 2
V2P,TEILEUMFANG 4
V2Q,TEILAUBAU M63
V2R,TEILAUBAU M64
V2S,TEILAUBAU M60
V2T,TEILAUBAU H29
V2U,TEILAUBAU V32
V2V,TEILAUBAU H30
V2W,TEILEUMFANG 3
V2X,R60 I-350
V2Y,R60 I-360
V30,BAUPHASEN-VORLAUFER 00
V31,BAUPHASEN-VORLAUFER 01
V32,BAUPHASEN-VORLAUFER 02
V33,BAUPHASEN-VORLAUFER 03
V34,BAUPHASEN-VORLAUFER 04
V35,BAUPHASEN-VORLAUFER 05
V36,BAUPHASEN-VORLAUFER 06
V37,BAUPHASEN-VORLAUFER 07
V38,BAUPHASEN-VORLAUFER 08
V39,BAUPHASEN-VORLAUFER 09
V3A,CRASH ORANGE
V3B,MUE-UMFANG R60
V3C,MODIFIZIERTE COCKPIT R60
V3D,TEILESATZ KAROSSERIE
V3E,MIKA-ATOM
V3F,HAT 4060222
V3G,HAT 4061084
V40,FEDERSTUETZE 00
V41,GEWICHT SREDUZIERTE KLAPPEN
V42,OBERFLAECHE 02
V43,OBERFLAECHE 03
V44,OBERFLAECHE 04
V45,OBERFLAECHE 05
V46,OBERFLAECHE 06
V47,OBERFLAECHE 07
V48,OBERFLAECHE 08
V49,OBERFLAECHE 09
V4A,KAROSSE 1
V4B,KAROSSE 2
V4C,TEILAUBAU H25
V4D,SEITENWAND
V50,AKUSTIK 00
V51,AKUSTIK 01
V52,ALLRAD F02
V53,AKUSTIK 03
V54,AKUSTIK 04
V55,AKUSTIK 05
V56,AKUSTIK 06
V57,AKUSTIK 07
V58,AKUSTIKPAKET EBG F01/F02
V59,AKUSTIK 09
V5A,LENKGETRIEBE R60
V5B,DACHREELING
V5C,FRONTKLAPPE
V5D,HECKKLAPPE
V60,KAROSSERIE F02 GUELTIG BIS 07/2007
V61,KAROSSERIE F03 GUELTIG BIS 07/2007
V62,AIRBAG INERT
V63,MOTOR-NOTAUSSCHALTER
V64,FEUERLOESCHER + NOTHAMMER
V65,DACH OHNE AUSSCHNITT
V66,TEILAUFBAU R22
V67,TEILAUFBAU R23
V68,H03
V69,TARNUMFAENGE  VERSUCHSFAHRZEUGE
V6A,FENSTERHEBER HINTEN
V6B,KAROSSE 3
V6C,TEILAUFBAU M22
V6D,TEILAUFBAU R21
V6H,TUEREN
V6I,SEITENRAHMEN
V70,TEILAUFBAU R26
V71,TEILAUFBAU M62
V72,TEILAUFBAU R31
V73,TEILAUFBAU R36
V74,TEILAUFBAU R39
V75,DACH
V76,ANHAENGERKUPPLUNG
V77,VERSTAERKTE KRAFTSTOFFPUMPE
V78,ABS SENSOREN VARIANTE1
V79,ABS SENSOREN VARIANTE2
V7A,R60 SITZE VORNE
V7B,D-SAEULEN LEISTE
V7C,TEILAUFBAU R24
V7D,TEILAUFBAU R25
V7E,TEILAUFBAU M57
V7F,TEILAUFBAU R35
V7G,TEILAUFBAU R40
V7H,TEILAUFBAU R32
V7I,TEILAUFBAU H24
V80,FKL SCHARNIER
V81,HIMMEL 2 LAGIG
V82,GEWICHTDUMMY CURTAINARBAG
V83,BATTERIE TRAEGER
V84,VERSTAERKUNG D-SAEULE
V85,MOTORTRAEGER VORN INNEN
V86,MOTORTRAEGER VORN AUSSEN
V88,ALLRAD F01
V8A,ABDECKLEISTE DACH
V8C,BODENGRUPPE
V8D,TEILAUFBAU V22
V8E,TEILAUFBAU V23
V8F,VORDERACHSEFEDERUNG 1
V8G,VORDERACHSEFEDERUNG 2
V8H,VORDERACHSEFEDERUNG 3
V8K,VORDERACHSEFEDERUNG 4
V8L,HINTERACHSEFEDERUNG 1
V8M,HINTERACHSEFEDERUNG 2
V8N,HINTERACHSEFEDERUNG 3
V8P,HINTERACHSEFEDERUNG 4
V90,SCHIEBEDACHAUSSCHNITT (NUR ROHBAU)
V91,NEUE LAGE DACHLOCH F.ANTENNE
V92,TEILAUFBAU MIT PANORAMADACH
V99,TEST-VERSUCHS SA
V9A,ENTFALL TVKL
V9B,X-NESS SCHWELLER
V9C,TEILAUFBAU H28
V9D,TEILAUFBAU M21
V9E,ENTFALL SHD/PANORAMADACH BEI US
V9F,ENTFALL NEBELSCHEINW.ENTGEGEN SERIE
V9G,ENTFALL DWA VORBEREITUNG BEI US
V9H,FAHRER/BEIFAHRERSITZ E84
V9I,FAHRER/BEIFAHRERSITZ E90
V9J,FAHRERSITZ E84/BEIFAHRERSITZ E90
V9K,AUS MUSTERBAUFAHRZEUG
V9L,BASTELLOESUNG GEM.EI-WORKSHOP
V9M,BASTELLOESUNG E84
V9N,NACHRUESTUNG MIKO
VDA,MRF FAHRZEUG BBG E84 Y84B70
VSB,ALL SEASON BEREIFUNG
XAA,INDIVIDUAL R.S.INFOTAINMENT ONLINE
XAB,INDIVIDUAL R.S.INFOTAINMENT
XC4,keine Angabe
XD1,SPECIAL EDITION CARBON/GOLDBRAUN
XD2,SPECIAL EDITION STRATUS/ECRU
XD3,SPECIAL EDITION CARBON/ECRU
XD4,SPECIAL EDITION STRATUS/GOLDBRAUN
XD5,IND. DACHHIMMEL ALCANTARA
XD6,INDIVIDUAL SA
XD7,RR2
XD8,RR3
XE1,IND. EDELH. NUSSBAUM AMARONE
XE2,IND.EDELH.MUSCHELAHORN ANTHRAZIT
XE3,IND. EDELH. EUKALYPTUS RIEGEL
XE4,IND. EDELH. OLIVESCHE ROTBRAUN
XE5,IND.EDELH.PLATANE ROTBRAUN DUNKEL
XE6,IND.EDELH.SATIN-NUSSBAUM HONIGBRAUN
XE7,IND. INTERIEURL. PIANOLACK SCHWARZ
XE8,IND.INTERIEURL.PIANOL.SCHW.M.INTARS
XE9,BMW INDI. INT.LEISTEN LEDERBEZOGEN
XEA,keine Angabe
XEB,keine Angabe
XEW,BMW IND.EDELH. SEN HELLBRAUN
XEX,IND. EDELH. ESCHE MASER WEISS
XEY,ALPINA EDELHOLZ
XEZ,ALPINA PIANOLACK
XF1,BMW IDIVIDUAL HECKKENNZEICHNUNG
XL1,IND. HOLZINTARSIE F.LEDERLENKRAD
XL2,IND. LEDERINTARSIE F.LEDERLENKRAD
XL3,BMW INDIVIDUAL LEDERLENKRAD
XL4,BMW INDIVIDUAL LEDERLENKRAD
XL5,keine Angabe
XT1,IND. I-TAFEL LEDERBEZOGEN
240,LEDERLENKRAD
241,AIRBAG FAHRER/BEIFAHRER
242,FAHRERAIRBAG MIT SERIENKRANZ(PUR)
243,AIRBAG FUER BEIFAHRER
244,LENKSAEULENVERSTELLUNG MECHANISCH
245,LENKSAEULENVERSTELLUNG ELEKTRISCH
246,LENKSAEULENVERSTELLUNG MECHANISCH
247,LENKRAD-AXIALVERSTELLUNG MECHANISCH
248,LENKRADHEIZUNG
249,MULTIFUNKTION FUER LENKRAD
24A,"17""LM RAEDER DOPPELSPEICHE 655"
24B,"18""LM RAEDER DOPPELSPEICHE 397/ MB"
24C,"17""LM RAEDER DOPPELSPEICHE 564"
24D,"8""LM RAEDER DOPPELSPEICHE 567"
24E,"18""LM RAEDER DOPPELSPEICHE 568"
24F,"18""LM RAEDER DOPPELSPEICHE 609"
24G,"18""LM RAEDER DOPPELSPEICHE 609/MB"
24H,"19""LM RAEDER DOPPELSPEICHE 610 BIC"
24K,"19""LM RAEDER DOPPELSPEICHE 610 BIC/"
24L,"19""LM RAEDER DOPPELSPEICHE 630/MB U"
24M,"19""LM RAEDER DOPPELSPEICHE 630"
24N,"20""LM RAEDER V-SPEICHE 628 BICOL/MB"
24P,"18""LM RAED.DOPPELSPEICHE 384 SPORTR"
24S,"19""LM RAEDER DOPPELSPEICHE 673/MB"
24T,"19""LM RAEDER DOPPELSPEICHE 673"
24W,"18""LM RAEDER D-SPEICHE 634"
24X,"18""LM RAEDER D-SPEICHE 634 RUNFL."
250,SEITENAIRBAGS F.FONDPASSAGIERE
251,REIFEN PANNEN ANZEIGE
252,AKTIVER KNIESCHUTZ F.FAHRER/BEIF.
253,LEDERLENKRAD COOPER S
254,SPORTLENKRAD MIT HOLZKRANZ
255,SPORT-LEDERLENKRAD
256,SPORT-/MF-LENKRAD/GESCHW.REGELUNG
257,SEITENAIRBAG HINTEN DEAKTIVIERUNG
258,BEREIFUNG MIT NOTLAUFEIGENSCHAFTEN
259,SEITENAIRBAG FA./BEIFAHRER ENTFALL
25A,"16""LM RAEDER STERNSPEICHE 654"
25G,"18""LM RAEDER STERNSP.707 M.NOTLAUF"
25H,
260,SEITENAIRBAG FUER FAHRER/BEIFAHRER
261,SEITENAIRBAG FUER FONDPASSAGIERE
262,KOPFAIRBAG
263,LM RAEDER MIT MISCHBEREIFUNG
264,LM RAEDER/STERNSPEICHE 55
265,REIFEN DRUCK CONTROL (RDC)
266,LM RAEDER/RADIALSPEICHE 48
267,LM RAEDER/STERNSPEICHE 49
268,LM RAEDER MIT MISCHBEREIFUNG
269,LM RAEDER/RADIALSTYLING
270,BREITERE BEREIFUNG
271,LM RAD/Z LINE
272,LM RAD/Z STAR
273,LM RAEDER/STERNSPEICHE 43
274,LM RAD/DOPPELSPEICHE 53
275,LM RAEDER/Z STAR VERCHROMT
276,LM RAD/RUNDSPEICHENSTYLING
277,LM RAEDER/DOPPELSPEICHENSTYLING
278,LM RAEDER MIT MISCHBEREIFUNG
279,LM RAEDER/STERNSPEICHE 45
27A,"16""LM RAEDER TURBINENSTY.406, BMW E"
27B,"17""LM RAEDER TURBINENSTY.561, BMW E"
27C,"17""LM RAED.TURBINENSTY.645 BI.BMW E"
27D,"17""LM RAEDER TURB.-ST. 645 BC/NOTL."
27X,"18""LM RAEDER W-SPEICHE 643 M.NOTLAU"
27Y,"18""LM RAEDER W-SPEICHE 643"
27Z,"20""LM RAEDER W-SPEICHE 646 HGP.MB"
280,LM RAEDER/SPEICHENSTYLING
281,LM RAEDER/RUNDSPEICHE VERCHROMT
282,LM RAEDER/SPORTSPEICHENSTY.II
283,LM RAEDER/BMW STYLING II
284,LM RAEDER/ELLIPSOIDSTYLING 46
285,LM RAEDER/BMW STYLING
286,LEICHTMETALLRAEDER
287,LM RAEDER/STERNSPEICHE 64
288,LEICHTMETALLRAEDER
289,LM RAD/7 SPEICHENSTYLING
28A,"18""LM RAEDER Y-SPEICHE 569"
28B,"19""LM RAEDER Y-SPEICHE 511"
28C,"18""LM RAEDER Y-SPEICHE 566"
28E,"20""LM RAEDER Y-SPEICHE 636 MB/NOTL."
28V,"18""LM RAEDER W-SPEICHE 632 NOTL."
28W,"18""LM RAEDER W-SPEICHE 632"
28X,"19""LM RAEDER W-SPEICHE 663 BICOLOR"
28Y,"19""LM RAEDER W-SPEICHE 663 BC/NL/MB"
28Z,"19""LM RAEDER W-SPEICHE 663 BC/NOTL."
290,LM RAEDER/STERNSPEICHE 44
291,LM RAEDER/KREUZSPEICHE/2TEILIG
292,LM RAEDER/KREUZSPEICHENSTYLING
293,LM RAEDER/V-SPEICHE 54
294,LM RAEDER/VIELSPEICHENSTYLING
295,LM RAEDER/STERNSPEICHE 96
296,LM RAEDER/CLASSIC
297,LM RAEDER/STREAMLINE
298,LM RAEDER/SP.98 M. NOTLAUFEIGENSCH.
299,LM RAEDER MIT MISCHBEREIFUNG
29D,"19""LM RAED.VIELSPEICHE 708/MB U.NOT"
860,SEITLICHE BLINKLEUCHTE VORN
861,AENDERUNG CODIERDATENSATZ
862,SA ABGASNORM-DEF.IM COC DATENBLATT
863,SERVICE KONTAKT-FLYER EUROPA
864,SERVICE KONTAKT-FLYER UEBERSEE
865,ABLAGETISCHE/FUSSTUETZEN IM FOND
866,SPRACHVERSION CHINESISCH SIMPL.
867,SPRACHVERSION KOREANISCH
868,SPRACHVERSION NIEDERLAENDISCH
869,SPRACHVERSION FUER SCHWEIZ/DEUTSCH
870,SALT
871,PEPPER
872,CHILI
873,STEUERUNG VERBUNDGLAS-FRONTSCHEIBE
874,FUNKFREQUENZ 434 MHZ
875,INFRAROTFERNBEDIENUNG
876,FUNKFREQUENZ 315 MHZ
877,UEBERKREUZBEDIENUNG ENTFALL
878,KLIMAKOMFORTVERGL.O.KLIMAFRONTSCHEI
879,DEUTSCH / BORDLITERATUR
880,ENGLISCH / BORDLITERATUR
881,FRANZOESISCH / BORDLITERATUR
882,GUTSCHRIFT FUER ERSTAUSST.
883,SPANISCH / BORDLITERATUR
884,ITALIENISCH / BORDLITERATUR
885,SCHWEDISCH / BORDLITERATUR
886,HOLLAENDISCH / BORDLITERATUR
887,ARABISCH / BORDLITERATUR
888,DAENISCH / BORDLITERATUR
889,PORTUGIESISCH / BORDLITERATUR
890,JAPANISCH / BORDLITERATUR
891,RUSSISCH / BORDLITERATUR
892,CHINESISCH SIMPLIFIED / BORDLITERAT
893,keine Angabe
894,keine Angabe
895,ZUSATZLUEFTER
896,TAGFAHRLICHTSCHALTUNG
897,DAUERTON FUER DWA
898,CKD-AUSFUEHRUNG
899,OPTISCHE SIGNALGEBUNG FUER DWA
8A0,SPRACHVERSION THAI
8A1,SPRACHVERSION POLNISCH
8A2,SPRACHVERSION UNGARISCH
8A3,SPRACHVERSION ARABISCH
8A4,SPRACHVERSION TSCHECHISCH
8A5,SPRACHVERSION SLOWAKISCH
8A6,SPRACHVERSION SLOWENISCH
8A7,SPRACHVERSION NORWEGISCH
8A8,SPRACHVERSION DAENISCH
8A9,SPRACHVERSION FINNISCH
8AA,keine Angabe
8AB,CHINA JOINT VENTURE
8AC,RUSSLAND SKD
8AD,ALPINA Z4
8AE,GRIECHISCH / BORDLITERATUR
8AF,KOREANISCH / BORDLITERATUR
8AG,CHAUFFEUR HANDBOOK IN ENGLISH
8AH,TUERKISCH / BORDLITERATUR
8AK,SLOWAKISCH / BORDLITERATUR
8AL,TSCHECHISCH / BORDLITERATUR
8AM,ANPASSUNG F.MINDEREN KRAFTSTOFF
8AP,MONTAGEEINRICHTUNG
8AR,RUMAENISCH / BORDLITERATUR
8AS,CHINESISCH TRAD. / BORDLITERATUR
8AT,POLNISCH / BORDLITERATUR
8AU,UNGARISCH / BORDLITERATUR
8AV,SLOWENISCH / BORDLITERATUR
8AW,NORWEGISCH / BORDLITERATUR
8AX,FINNISCH / BORDLITERATUR
8AY,BAHASA INDONESIA / BORDLITERATUR
2YY,NSG BEREIFUNG 12
2YZ,NSG BEREIFUNG 13
300,NOTRAD
301,ALL-TERRAIN-BEREIFUNG
302,ALARMANLAGE
303,LM RAEDER/ELLIPSOIDSTYLING 60
304,LM RAEDER/ELLIPSOIDSTYLING 60
305,FERNBEDIENUNG F.ZENTRALVERRIEGELUNG
306,LM RAEDER 7-LOCH
307,LM RAEDER/RADIALSPEICHE 61
308,LM RAEDER/KREUZSPEICHE 42
309,LM RAEDER/STERNSPEICHE 57
310,LM RAEDER/STERNSPEICHE 58
311,LM RAEDER/STERNSPEICHE 69 BRILLANT
312,LM RAEDER MIT MISCHBEREIFUNG
313,AUSSENSPIEGELPAKET
314,FRONTSCHEIBENWASCHDUESEN BEHEIZT
315,HECKSCHEIBENWISCHER
316,AUTOMATISCHE HECKKLAPPENBETTIGUNG
319,UGDO
320,MODELLSCHRIFFTZUG ENTFALL
321,EXTERIEURUMFAENGE IN WAGENFARBE
322,KOMFORTZUGANG
323,SOFTCLOSEAUTOMATIK
326,HECKSPOILER ENTFALL
336,keine Angabe
337,M-Sportpaket
346,CHROME LINE EXTERIEUR
356,KLIMAVERBUNDVERGLASUNG
358,KLIMAFRONTVERGLASUNG
386,DACHRELING
387,WINDSCHUTZ
388,VERDECK SCHWARZ
3AA,DACHRELING SCHWARZ
3AC,Anhngerkupplung
3AG,RUECKFAHRKAMERA
3AH,RUECKFAHRKAMERA MIT TOP VIEW
3AP,GRAUKEIL-FRONTSCHEIBE
3AR,HECKGEPAECKTRAEGER VORBEREITUNG
3AS,DACHRELING SILBER
3AT,DACHRELING ALUMINIUM SATINIERT
3AW,SPRITZDUESEN OHNE BEHEIZUNG
3BE,SPIEGELKAPPEN SCHWARZ
3BG,SPIEGELKAPPEN WEISS
3CM,"MOTORABDECKUNG, LEDER"
3DE,ENTFALL SPEZIFISCHER DESIGNUMFAENGE
3DS,Displayschlssel
3DZ,ENTFALL ZUSATZ-SCHRIFTZUG AUSSEN
3E1,
3L8,EXTERIEURUMF. IN ALUMINIUM SATINIER
3MB,INDIVIDUAL EXT LINE ALU SATINIERT
3MC,INDIV.DACHRELING HOCHGL.SHADOW LINE
3WZ,BMW INDIVIDUAL HARDTOP I. KONTRASTL
3YA,VERDECK ANTHRAZIT SILBEREFFEKT
3YE,VERDECK BEIGE
3YF,VERDECK BRAUN SILBEREFFEKT
400,"SCHIEBE-HEBEDACH,MECHANISCH"
401,"SCHIEBE-HEBEDACH,ELEKTRISCH"
402,PANORAMA GLASDACH
403,"GLASDACH, ELEKTRISCH"
404,"DOPPEL-SCHIEBE-HEBEDACH,ELEKTRISCH"
405,VERCHROMTE AUSSENSPIEGELKAPPEN
406,ROLLDACH
407,PANORAMA-GLASDACH SKY LOUNGE
410,"FENSTERHEBER, ELEKTRISCH VORN"
411,"FENSTERHEBER,ELEKTRISCH VORN/HINTEN"
412,LADEBODEN AUSZIEHBAR
413,GEPAECKRAUMTRENNETZ
414,ABLAGENETZ BEIFAHRERSEITE
415,SONNENSCHUTZROLLO FUER HECKSCHEIBE
416,SONNENSCHUTZROLLOS
417,SONNENSCHUTZROLLO HINTERE TUERSCH.
418,GEPAECKRAUMPAKET
419,HANDSCHUHKASTENDECKEL MIT BEL.
420,SONNENSCHUTZVERGLASUNG
421,FEUERLOESCHER 2 KG HALON
422,EDELHOLZAUSFUEHRUNG
423,FUSSMATTEN IN VELOURS
424,BODENTEPPICH SCHWARZ
425,INTERIEURLEISTEN
426,INTERIEURLEISTEN
427,INTERIEUR-OBERFLAECHE SILBER
428,WARNDREIECK
4M8,INDIVIDUAL FOND-LESELEUCHTEN
4M9,INDIVIDUAL FONDKONSOLE
4MA,M MULTIFUNKTIONSSITZE FA./BEIFAHRER
4MB,INTERIEURLINE STYLE
4MC,INTERIEURLEISTEN CARBON FIBRE
4MD,INTERIEURLEISTE FIBRE NET EISGRAU
4ME,EDELHOLZAUSF. NUSSBAUM MADEIRA
4MF,DYN. LEHNENBREITENVERSTELLUNG
4MG,INTERIEURLEISTEN ALU GLACIERSILBER
4MH,INDIVIDUAL EDELH. MAHAGONI MARITIM
4MK,EDELHOLZAUSF. OLIVESCHE CARRARA NAT
4ML,IND. INT. LEISTEN PIANOLACK SCHWARZ
4MM,INDIVIDUAL INT.LEIST. LEDERBEZOGEN
4MN,INTERIEURL.ALU.CARBON DU.M.AK.PERL.
4MP,INTERIEURL.ALU DUNKEL KREUZSCHLIFF
4MR,INTERIEURLEISTEN ALUMINIUM HEXAGON
4MS,INTERIEURL. ALU PENTAN
4MT,"INT.LEIST.ALU SHADOW DUNKEL,GEBUERS"
4MU,IND.EDELH.EUKALYPTUS RIEGEL ROTBRAU
4MV,INTERIEURLEISTE ALUMINIUM MICRO
4MW,INTERIEURL. ALUMINIUM CARBON SHADOW
4MX,"INT.LEIST.ALU SHADOW, LAENGSSCHLIFF"
4MY,INT.LEIST. LEDER CARBONSTR. SCHWARZ
4MZ,EDELH. PLATANE SPIEGELMASER ANTH.
4NA,INNENSPIEGEL MIT DIGITALEM KOMPASS
4NB,KLIMAAUTOMATIK MIT 4-ZONENREGELUNG
4NC,ZUSATZHEIZUNG/-LUEFTUNG
4ND,INSTRUMENTENTAFEL LEDERBEZOGEN
4NE,BLOW-BY-HEIZER
4NF,ERWEITERTE FONDKLIMATISIERUNG
4NG,BLENDEN INSTRUMENTENTAFEL HOCHGLANZ
4NH,NACKENWAERMER
4NK,MINI YOURS INSTRUMENTENTAFEL LEDERB
4NL,COOL SHIELD (ARBEITSNAME)
4NM,IONISATION (ARBEITSNAME)
4T6,MASSAGEFUNKTION IM FOND (ARBEITSNAM
4T7,MASSAGEFUNKTION FUER FAHRER UND BEI
4T8,"AUSSENSPIEGEL, AUTOMATISCH ABBLENDE"
4T9,WAERMEPUMPE
4U1,KERAMIKAPPLIKATION F.BEDIENELEMENTE
4U2,FAHRERLEBNISSCHALTER INKL. ECO PRO
4U3,SZ RAUCHERPAKET
4U4,2-TEILIGE CENTER RAIL
4U6,SCHNELL-LADEN WECHSELSTROM MEHRPHAS
4U7,SCHNELL-LADEN GLEICHSTROM
4U8,SCHNELL-LADEN WECHSELSTROM
4U9,AKUSTISCHER FUSSGAENGERSCHUTZ
4UA,SITZVERSTELLUNG TEILELEKTRISCH F/B
4UB,3.SITZREIHE
4UC,PEDALERIE STEEL LINE
4UD,LADEBODEN VERSCHIEBBAR
4UE,RUECKSITZBANK LAENGSVERSCHIEBBAR
4UF,SPORT BUTTON
4UG,"FOND, 2-SITZIG"
9C1,CKD MONTAGE AEGYPTEN
9C2,CKD MONTAGE INDIEN
9C3,CKD MONTAGE INDONESIEN
9C4,CKD MONTAGE MALAYSIA
9C5,CKD MONTAGE RUSSLAND
9C6,CKD MONTAGE THAILAND
9CD,keine Angabe
9CE,keine Angabe
9CG,keine Angabe
9CH,keine Angabe
9CK,keine Angabe
9CL,keine Angabe
9CX,keine Angabe
9CY,keine Angabe
9CZ,keine Angabe
9KA,SONDERKENNZEICHEN-1
9KB,SONDERKENNZEICHEN-2
9KC,SONDERKENNZEICHEN-3
9KD,SONDERKENNZEICHEN-4
9KE,SONDERKENNZEICHEN-5
9KF,SONDERKENNZEICHEN-6
9KG,SONDERKENNZEICHEN-7
9KH,SONDERKENNZEICHEN-8
9KK,SONDERKENNZEICHEN-9
9KL,SONDERKENNZEICHEN-10
9ML,keine Angabe
9MR,M SPORTMANUFAKTUR
9S1,SZ M PERFOMANCE PAKET S
9S2,SZ M PERFOMANCE PAKET M
9S3,SZ M PERFOMANCE PAKET L
9S4,SZ M PERFOMANCE PAKET XL
9SA,SZ STANDHEIZUNG
9SX,SZ BRICK LANE YELLOW
9SY,SZ BRICK LANE PINK
9SZ,SZ BRICK LANE GREEN
9W1,FAHRZEUGSTEUERUNG WERK
9WR,WINTERR.FUER AUSLIEFERUNG BMW WELT
9XA,ALPINA PACKAGE
RA1,PICKNICK-TISCH
RA2,SCHMINKSPIEGEL IM FOND
RA3,GETRAENKEHALTER HINTEN
RA4,HOCHWERTIGE DESIGNERANALOGUHR VORNE
RA5,FUSSMATTE LAMMWOLLE VORNE U. HINTEN
RA6,FUSSMATTE VORNE UND HINTEN
RA7,AUSSENSPIEGEL AUTOM. ABBLENDEND
RA8,FUSSSTUETZE FUER FOND
RA9,WARNDREIECK
RAA,ZUZIEHHILFE FUER HINTERE TUEREN
RAB,INTEGRIERTE AKTENTASCHE
RAC,HUMIDOR
RAD,REGENSCHIRME IM FAHRZEUG
RAE,ERW. LEDERAUSSTATTUNG HIMMEL
RAF,POLIERTER GRILL RR2/3)
RAG,KLEIDERSACK FUER GEPAECKRAUM
RAH,ABLAGEROLLO FUER GEPAECKRAUM
RAK,FURNIERTE I-TAFEL-BLENDEN
RAL,BELEDERTE I-TAFEL-BLENDEN
RAM,KOFFERRAUMVERKL. IN INNENRAUMF.
RAP,LENKRADSPEICHEN FURNIERT
RAR,"PICKNICKTISCHE FURNIERT, BEIDSEITIG"
RAS,DRINKS CABINET FOR INDIVIDUAL SEATS
RAT,FULL METAL FACIA
RAU,RR LOGOS AN KOPFSTUETZE
RAV,RR LOGOS AN KOPFSTUE.-CONTR. COLOUR
RAW,DOOR MOUNTED DRINKS CABINET
RAX,CONTRAST SEAT PIPING
RAY,VORB.STOLEN VEHICLE TRACKING
RB1,METAL STEERING WHEEL SPOKES
RB2,LIQUIDMETAL BONNET WINDSCREEN
RB3,COLOURED GRILLE SURROUND
7DH,BMW SERICE INCL. ULTIMATE 3/150
7DK,BMW SERICE INCL. ULTIMATE 6/200
7DL,BMW SERVICE INCLUSIVE 10/100
7DM,BMW SERVICE INCLUSIVE PLUS 10/100
7DN,BMW SERVICE INCLUSIVE 10/150
7DP,BMW SERVICE INCLUSIVE PLUS 10/150
7DR,BMW SERVICE INCL. PLUS JP 3/200
7DS,BMW SERVICE INCL.2 JAHRESPAKET
7DT,BMW SERVICE INCL.3 JAHRESPAKET
7DU,BMW SERVICE INCL.4 JAHRESPAKET
7DV,BMW SERVICE INCL. JP 5/200
7DW,BMW SERVICE INCL. PLUS JP 4/200
7DX,BMW SERVICE INCL. PLUS 2 JAHRESP.
7DY,BMW SERVICE INCL. PLUS 3 JAHRESP.
7DZ,BMW SERVICE INCL. PLUS 4 JAHRESP.
7FA,MINI SERVICE INCLUSIVE FIX 3/50
7FB,MINI SERVICE INCL. JP 3/200
7FC,BMW REPAIR INCLUSIVE 2/200
7FD,MINI SERVICE INCL. XXL - 3 J./200.0
7FE,MINI SERVICE INCL. XXL - 4 J./200.0
7FF,MINI SERVICE INCLUSIVE L NB 5/50
7FG,MINI BASIC SERVICE INCL. 5/80
7FH,BMW SERVICE INCLUSIVE NB 5/100
7FK,MINI SERVICE INCL. L  6/110
7FL,MINI SERVICE INCL. XL  6/110
7FM,MINI SERVICE INCL. XXL  6/110
7GA,keine Angabe
7GQ,keine Angabe
7GY,keine Angabe
7GZ,keine Angabe
7H3,keine Angabe
7HS,keine Angabe
7HW,keine Angabe
7HY,keine Angabe
7HZ,keine Angabe
7KX,keine Angabe
7KY,keine Angabe
7KZ,keine Angabe
7LC,keine Angabe
7LD,keine Angabe
7LE,keine Angabe
7LF,keine Angabe
7LG,keine Angabe
7LH,keine Angabe
7LK,keine Angabe
7LL,keine Angabe
7LM,keine Angabe
7LY,keine Angabe
7M0,BMW INDIVIDUAL KOMPOSITION I
7M1,BMW INDIVIDUAL KOMPOSITION II
7M5,M EXTERIEURUMFAENGE
7M9,IND.HOCHGLANZ SHADOW LINE M.E.UMF.
7MA,COMPETITION PAKET
7MC,keine Angabe
7ME,M DRIVERS PACKAGE
7MF,keine Angabe
7MG,keine Angabe
7MH,keine Angabe
7MK,keine Angabe
7MN,keine Angabe
7MP,keine Angabe
7N1,BMW SERVICE INCLUSIVE 4/100
7N2,BMW SERVICE INCLUSIVE PLUS 4/100
7N3,BMW SERVICE INCL. ULTIMATE 4/100
7N4,BMW SERVICE INCLUSIVE 4/120
7N5,BMW SERVICE INCLUSIVE PLUS 4/120
