name,version,xsd
standardResultData,01.25.00,"<?xml version=""1.0""?>
<!--
  Versionsgeschichte:	
	Version 01.10.00: 23.04.2003 16:02:00 := Attribut ""resultID"" (Element ""test"") hinzugefügt, Attribut ""AKZ"" in ""controlCriteria"" umbenannt
	Version 01.11.00: 08.05.2003 16:02:00 := Attribut ""toolName"" Länge 20, Attribut ""oderNr"" in ""orderID"" umbenannt und Länge 10, Länge Attribut ""iStep"" 50, Länge Attribut ""resultID"" 50
    Version 01.13.00: 28.08.2003 08:08:00 := Attribut ""blockResult"" von testInfo.result Länge von 255 auf 102400 gesetzt
    Version 01.14.00: 15.10.2003 09:10:00 := Datentyp von Feld ""ResultFormatVersion"" geändert: Int -> String (8 Zeichen)
    Version 01.15.00: 26.03.2005 09.00.00 := Attribut ""testStand"" Länge auf 30 geändert, Attribut ""modified"" bei testResult hinzu, Attribute ""apdmTestId"" + ""manualFlag"" bei testInfo hinzu, Attribute ""apdmResultId"" + ""manualFlag"" bei testInfo.result hinzu
    Version 01.16.00: 14.09.2005 09:45:00 := Attribut ""param1"" + ""param2"" Länge auf 255 geändert
    Version 01.17.00: 25.10.2005 08:45:00 := Attribut ""pruefumfangName"" + ""systemName"" auf required gesetzt
    Version 01.18.00: 10.11.2005 15:45:00 := Attribut ""testStepDuration"" bei result hinzu
    Version 01.19.00: 09.01.2005 13:35:00 := Attribut ""physicalPruefumfangName"" bei testInfo hinzu
    Version 01.22.00: 04.11.2010 17:25:00 := Attribut ""testStepStart"" int->long und optional,
    												     add optional attributes:adjustMinDbl, adjustMaxDbl, differenceValueDbl (Wheelalignment, H. Wagner)
    												     change: resultValueStr(1023) -> resultValueStr(4000)
    Version 01.23.00: 24.05.2011 17:45:00 := 	alle minLength=0 entfernt, da ohne Wirkung
												Attribute ""param1"", ""param2"", ""param3"" Max.Länge 4000,
												Attribut ""testComment"" Max.Länge 4000,
												Attribut ""desiredValueStr"" Max.Länge 4000,
												Attribut ""minValueStr"", ""maxValueStr"" Max.Länge 4000,
												Attribut ""correctionValueStr"" Max.Länge 4000,
												Attribut ""description"" Max.Länge 4000,
												Attribut ""testStepName"" Max.Länge 100,
												Attribut ""resultName"" Max.Länge 100,
												Attribut ""prueflingName"" Max.Länge 100,
												Attribut ""pruefprozedurName"" Max.Länge 100,
												Attribut ""pruefumfangName"", ""physicalPruefumfangName"" Max.Länge 100,
												Attribut ""toolName"" Max.Länge 100,
												Attribut ""answerText"","" instructionText"", ""adviseText"" Max.Länge 500,
												Attribut ""errorText"" Max.Länge 4000,
												Attribut ""testStand"" Max.Länge 100,
	Version 1.24.00: 01.06.2014 14:30:00 :=	Attribut ""blockresult"" Typ von hexBinary auf base64Binary korregiert
											Element resultVariable im testInfo-Container hinzugefügt, um Prüstandsvariablen zu übertragen.
														 
-->
<xs:schema targetNamespace=""http://bmw.com/standardResultData"" xmlns:apdm=""http://bmw.com/standardResultData"" xmlns:xs=""http://www.w3.org/2001/XMLSchema"" elementFormDefault=""qualified"" attributeFormDefault=""unqualified"" version=""01.22.00"">
	<xs:element name=""fileInfo"">
		<xs:complexType>
			<xs:attribute name=""testComment"" use=""optional"">
				<xs:annotation>
					<xs:documentation>Beliebiger Kommentar</xs:documentation>
				</xs:annotation>
				<xs:simpleType>
					<xs:restriction base=""xs:string"">
						<xs:maxLength value=""4000""/>
					</xs:restriction>
				</xs:simpleType>
			</xs:attribute>
			<xs:attribute name=""systemName"" use=""required"">
				<xs:annotation>
					<xs:documentation>Name des Pruefsystems</xs:documentation>
				</xs:annotation>
				<xs:simpleType>
					<xs:restriction base=""xs:string"">
						<xs:maxLength value=""16""/>
					</xs:restriction>
				</xs:simpleType>
			</xs:attribute>
			<xs:attribute name=""source"" use=""optional"">
				<xs:annotation>
					<xs:documentation>URL fuer Datenquelle - wird nur fuer internes Format genutzt (Filtermöglichkeiten in Abfragesprache) und nicht in DB eingetragen</xs:documentation>
				</xs:annotation>
				<xs:simpleType>
					<xs:restriction base=""xs:string"">
						<xs:maxLength value=""1024""/>
					</xs:restriction>
				</xs:simpleType>
			</xs:attribute>
			<xs:attribute name=""softwareVersion"" use=""optional"">
				<xs:annotation>
					<xs:documentation>Version der eingesetzten Prüfsoftware</xs:documentation>
				</xs:annotation>
				<xs:simpleType>
					<xs:restriction base=""xs:string"">
						<xs:maxLength value=""16""/>
					</xs:restriction>
				</xs:simpleType>
			</xs:attribute>
			<xs:attribute name=""resultFormatVersion"" use=""optional"">
				<xs:annotation>
					<xs:documentation>[VersionAblageFormat] Version des Ablageformats (Ergbenisdatensatz)</xs:documentation>
				</xs:annotation>
				<xs:simpleType>
					<xs:restriction base=""xs:string"">
						<xs:maxLength value=""8""/>
					</xs:restriction>
				</xs:simpleType>
			</xs:attribute>
		</xs:complexType>
	</xs:element>
	<xs:element name=""vehicleInfo"">
		<xs:complexType>
			<xs:attribute name=""shortVIN"" use=""required"">
				<xs:annotation>
					<xs:documentation>7-stellige Fahrgestellnummer</xs:documentation>
				</xs:annotation>
				<xs:simpleType>
					<xs:restriction base=""xs:string"">
						<xs:maxLength value=""7""/>
					</xs:restriction>
				</xs:simpleType>
			</xs:attribute>
			<xs:attribute name=""FZS"" use=""optional"">
				<xs:annotation>
					<xs:documentation>FZS-Nummer</xs:documentation>
				</xs:annotation>
				<xs:simpleType>
					<xs:restriction base=""xs:string"">
						<xs:maxLength value=""7""/>
					</xs:restriction>
				</xs:simpleType>
			</xs:attribute>
			<xs:attribute name=""typeKey"" use=""optional"">
				<xs:annotation>
					<xs:documentation>[Typschluessel] Länge klären (genau 4?)</xs:documentation>
				</xs:annotation>
				<xs:simpleType>
					<xs:restriction base=""xs:string"">
						<xs:maxLength value=""4""/>
					</xs:restriction>
				</xs:simpleType>
			</xs:attribute>
			<xs:attribute name=""orderID"" use=""optional"">
				<xs:simpleType>
					<xs:restriction base=""xs:string"">
						<xs:maxLength value=""10""/>
					</xs:restriction>
				</xs:simpleType>
			</xs:attribute>
		</xs:complexType>
	</xs:element>
	<xs:element name=""testResult"">
		<xs:complexType>
			<xs:sequence>
				<xs:element ref=""apdm:fileInfo""/>
				<xs:element ref=""apdm:vehicleInfo""/>
				<xs:element ref=""apdm:testInfo""/>
			</xs:sequence>
			<xs:attribute name=""modified"" type=""xs:boolean"" use=""optional"">
				<xs:annotation>
					<xs:documentation>nur im appender benutzt</xs:documentation>
				</xs:annotation>
			</xs:attribute>
		</xs:complexType>
	</xs:element>
	<xs:element name=""testInfo"">
		<xs:complexType>
			<xs:sequence>
				<xs:element name=""result"" minOccurs=""0"" maxOccurs=""unbounded"">
					<xs:complexType>
						<xs:attribute name=""testStepName"" use=""optional"">
							<xs:annotation>
								<xs:documentation>[Pruefschrittname] Referenz zu einem Prüfschritt. Cascade: der Logischer Prüflingsname</xs:documentation>
							</xs:annotation>
							<xs:simpleType>
								<xs:restriction base=""xs:string"">
									<xs:maxLength value=""100""/>
								</xs:restriction>
							</xs:simpleType>
						</xs:attribute>
						<xs:attribute name=""testOrder"" use=""optional"">
							  <xs:annotation>
								 <xs:documentation>[Prüfauftragsname] Referenz zu einem Prüfauftrag</xs:documentation>
							  </xs:annotation>
							  <xs:simpleType>
								 <xs:restriction base=""xs:string"">
									 <xs:maxLength value=""100""/>
								 </xs:restriction>
							  </xs:simpleType>
						</xs:attribute>
						<xs:attribute name=""resultID"" use=""optional"">
							<xs:annotation>
								<xs:documentation>Referenz zu einem Prüfschritt. Cascade: der Logischer Prüflingsname</xs:documentation>
							</xs:annotation>
							<xs:simpleType>
								<xs:restriction base=""xs:string"">
												<xs:maxLength value=""50""/>
								</xs:restriction>
							</xs:simpleType>
						</xs:attribute>
						<xs:attribute name=""resultType"" use=""optional"">
							<xs:annotation>
								<xs:documentation>[Art] Art des Ergebnisses</xs:documentation>
							</xs:annotation>
							<xs:simpleType>
								<xs:restriction base=""xs:string"">
									<xs:maxLength value=""10""/>
											</xs:restriction>
							</xs:simpleType>
						</xs:attribute>
						<xs:attribute name=""sequenceNrResult"" use=""optional"">
							<xs:annotation>
								<xs:documentation>[LfdNrErgebnis] laufende Nr. gibt chronologische Abfolge wieder</xs:documentation>
							</xs:annotation>
							<xs:simpleType>
								<xs:restriction base=""xs:int"">
									<xs:totalDigits value=""4""/>
								</xs:restriction>
							</xs:simpleType>
						</xs:attribute>
						<xs:attribute name=""lineRelevant"" type=""xs:boolean"" use=""optional"">
							<xs:annotation>
								<xs:documentation>[Linienrelevant] Gibt an, ob eine Nachprüfung an einem Linienstand notwendig ist</xs:documentation>
							</xs:annotation>
						</xs:attribute>
						<xs:attribute name=""measurementCycle"" use=""optional"">
							<xs:annotation>
								<xs:documentation>[Messzyklus] Zyklus der Datenabgabe</xs:documentation>
							</xs:annotation>
							<xs:simpleType>
								<xs:restriction base=""xs:string"">
									<xs:maxLength value=""25""/>
											</xs:restriction>
							</xs:simpleType>
						</xs:attribute>
						<xs:attribute name=""repeatInformation"" use=""optional"">
							<xs:annotation>
								<xs:documentation>[verlegbar] Gibt an, ob eine Nachprüfung an einem anderen Pruefstand möglich ist. Als Information sind die Prüfumfänge anzugeben.</xs:documentation>
							</xs:annotation>
							<xs:simpleType>
								<xs:restriction base=""xs:string"">
									<xs:maxLength value=""50""/>
											</xs:restriction>
							</xs:simpleType>
						</xs:attribute>
						<xs:attribute name=""testStepResult"" use=""required"">
							<xs:annotation>
								<xs:documentation>[BewertungErgebnis] Ergebnis des Prüfschrittes</xs:documentation>
							</xs:annotation>
							<xs:simpleType>
								<xs:restriction base=""xs:string"">
									<xs:maxLength value=""3""/>
											</xs:restriction>
							</xs:simpleType>
						</xs:attribute>
						<xs:attribute name=""testStepResultUnit"" use=""optional"">
							<xs:annotation>
								<xs:documentation>[Einheit] Einheit des Ergebnisses</xs:documentation>
							</xs:annotation>
							<xs:simpleType>
								<xs:restriction base=""xs:string"">
									<xs:maxLength value=""20""/>
											</xs:restriction>
							</xs:simpleType>
						</xs:attribute>
						<xs:attribute name=""desiredValueStr"" use=""optional"">
							<xs:annotation>
								<xs:documentation>[SollwertStr] Erwarteter Wert</xs:documentation>
							</xs:annotation>
							<xs:simpleType>
								<xs:restriction base=""xs:string"">
									<xs:maxLength value=""4000""/>
								</xs:restriction>
							</xs:simpleType>
						</xs:attribute>
						<xs:attribute name=""desiredValueDbl"" type=""xs:double"" use=""optional"">
							<xs:annotation>
								<xs:documentation>[SollwertDbl]</xs:documentation>
							</xs:annotation>
						</xs:attribute>
						<xs:attribute name=""errorNr"" use=""optional"">
							<xs:annotation>
								<xs:documentation>[FehlerNr] Referenz zu bestimmter Fehlerinformation</xs:documentation>
							</xs:annotation>
							<xs:simpleType>
								<xs:restriction base=""xs:int"">
									<xs:totalDigits value=""4""/>
								</xs:restriction>
							</xs:simpleType>
						</xs:attribute>
						<xs:attribute name=""description"" use=""optional"">
							<xs:annotation>
								<xs:documentation>[Bezeichnung] Detaillierte Beschreibung des Prüfschritts. Cascade: Alias Prüfprozedurname</xs:documentation>
							</xs:annotation>
							<xs:simpleType>
								<xs:restriction base=""xs:string"">
									<xs:maxLength value=""4000""/>
											</xs:restriction>
							</xs:simpleType>
						</xs:attribute>
						<xs:attribute name=""prueflingName"" use=""optional"">
							<xs:annotation>
								<xs:documentation>Der (Cascade) Pruflingsdateiname (mit Versionsnummer)</xs:documentation>
							</xs:annotation>
							<xs:simpleType>
								<xs:restriction base=""xs:string"">
									<xs:maxLength value=""100""/>
											</xs:restriction>
							</xs:simpleType>
						</xs:attribute>
						<xs:attribute name=""pruefprozedurName"" use=""optional"">
							<xs:annotation>
								<xs:documentation>Der (Cascade) Prüfprozedurdateiname (mit Versionsnummer)</xs:documentation>
							</xs:annotation>
							<xs:simpleType>
								<xs:restriction base=""xs:string"">
									<xs:maxLength value=""100""/>
											</xs:restriction>
							</xs:simpleType>
						</xs:attribute>
						<xs:attribute name=""toolName"" use=""optional"">
							<xs:annotation>
								<xs:documentation>[Werkzeug] Verwendetes Werkzeug zur Durchführung der Prüfung</xs:documentation>
							</xs:annotation>
							<xs:simpleType>
								<xs:restriction base=""xs:string"">
									<xs:maxLength value=""100""/>
											</xs:restriction>
							</xs:simpleType>
						</xs:attribute>
						<xs:attribute name=""param1"" use=""optional"">
							<xs:annotation>
								<xs:documentation>SGBD-Name</xs:documentation>
							</xs:annotation>
							<xs:simpleType>
								<xs:restriction base=""xs:string"">
									<xs:maxLength value=""4000""/>
											</xs:restriction>
							</xs:simpleType>
						</xs:attribute>
						<xs:attribute name=""param2"" use=""optional"">
							<xs:annotation>
								<xs:documentation>APIJOB</xs:documentation>
							</xs:annotation>
							<xs:simpleType>
								<xs:restriction base=""xs:string"">
									<xs:maxLength value=""4000""/>
											</xs:restriction>
							</xs:simpleType>
						</xs:attribute>
						<xs:attribute name=""param3"" use=""optional"">
							<xs:annotation>
								<xs:documentation>Parameter APIJOB</xs:documentation>
							</xs:annotation>
							<xs:simpleType>
								<xs:restriction base=""xs:string"">
									<xs:maxLength value=""4000""/>
											</xs:restriction>
							</xs:simpleType>
						</xs:attribute>
						<xs:attribute name=""resultName"" use=""optional"">
							<xs:annotation>
								<xs:documentation>[ErgebnisName] Name des Ergebniswertes, APIRESULT</xs:documentation>
							</xs:annotation>
							<xs:simpleType>
								<xs:restriction base=""xs:string"">
									<xs:maxLength value=""100""/>
											</xs:restriction>
							</xs:simpleType>
						</xs:attribute>
						<xs:attribute name=""resultValueDbl"" type=""xs:double"" use=""optional"">
							<xs:annotation>
								<xs:documentation>[ErgebnisWertDbl]</xs:documentation>
							</xs:annotation>
						</xs:attribute>
						<xs:attribute name=""resultValueStr"" use=""optional"">
							<xs:annotation>
								<xs:documentation>[ErgebnisWertStr] Wert des Ergebnisses</xs:documentation>
							</xs:annotation>
							<xs:simpleType>
								<xs:restriction base=""xs:string"">
									<xs:maxLength value=""4000""/>
											</xs:restriction>
							</xs:simpleType>
						</xs:attribute>
						<xs:attribute name=""minValueStr"" use=""optional"">
							<xs:annotation>
								<xs:documentation>[MinWertStr] untere Toleranzgrenze</xs:documentation>
							</xs:annotation>
							<xs:simpleType>
								<xs:restriction base=""xs:string"">
									<xs:maxLength value=""4000""/>
											</xs:restriction>
							</xs:simpleType>
						</xs:attribute>
						<xs:attribute name=""minValueDbl"" type=""xs:double"" use=""optional"">
							<xs:annotation>
								<xs:documentation>[MinWertDbl]</xs:documentation>
							</xs:annotation>
						</xs:attribute>
						<xs:attribute name=""maxValueStr"" use=""optional"">
							<xs:annotation>
								<xs:documentation>[MaxWertStr] obere Toleranzgrenze</xs:documentation>
							</xs:annotation>
							<xs:simpleType>
								<xs:restriction base=""xs:string"">
									<xs:maxLength value=""4000""/>
											</xs:restriction>
							</xs:simpleType>
						</xs:attribute>
						<xs:attribute name=""maxValueDbl"" type=""xs:double"" use=""optional"">
							<xs:annotation>
								<xs:documentation>[MaxWertDbl]</xs:documentation>
							</xs:annotation>
						</xs:attribute>
						<xs:attribute name=""correctionValueStr"" use=""optional"">
							<xs:annotation>
								<xs:documentation>[KorrekturWertStr] Istwert Korrektur (Prüfstandabgleich)</xs:documentation>
							</xs:annotation>
							<xs:simpleType>
								<xs:restriction base=""xs:string"">
									<xs:maxLength value=""4000""/>
											</xs:restriction>
							</xs:simpleType>
						</xs:attribute>
						<xs:attribute name=""correctionValueDbl"" type=""xs:double"" use=""optional"">
							<xs:annotation>
								<xs:documentation>[KorrekturWertDbl]</xs:documentation>
							</xs:annotation>
						</xs:attribute>
						<xs:attribute name=""retryCount"" use=""optional"">
							<xs:annotation>
								<xs:documentation>[AnzahlWiederholungen] Anzahl der Wiederholungen</xs:documentation>
							</xs:annotation>
							<xs:simpleType>
								<xs:restriction base=""xs:int"">
									<xs:totalDigits value=""2""/>
								</xs:restriction>
							</xs:simpleType>
						</xs:attribute>
						<xs:attribute name=""questionText"" use=""optional"">
							<xs:annotation>
								<xs:documentation>[FrageText] Frage an Werker</xs:documentation>
							</xs:annotation>
							<xs:simpleType>
								<xs:restriction base=""xs:string"">
									<xs:maxLength value=""500""/>
											</xs:restriction>
							</xs:simpleType>
						</xs:attribute>
						<xs:attribute name=""answerText"" use=""optional"">
							<xs:annotation>
								<xs:documentation>[AntwortText] Antwort durch Werker</xs:documentation>
							</xs:annotation>
							<xs:simpleType>
								<xs:restriction base=""xs:string"">
									<xs:maxLength value=""500""/>
											</xs:restriction>
							</xs:simpleType>
						</xs:attribute>
						<xs:attribute name=""instructionText"" use=""optional"">
							<xs:annotation>
								<xs:documentation>[AnweisungsText] Anweisung an den Werker</xs:documentation>
							</xs:annotation>
							<xs:simpleType>
								<xs:restriction base=""xs:string"">
									<xs:maxLength value=""500""/>
											</xs:restriction>
							</xs:simpleType>
						</xs:attribute>
						<xs:attribute name=""errorText"" use=""optional"">
							<xs:annotation>
								<xs:documentation>[FehlerText] Beschreibung des Fehlers</xs:documentation>
							</xs:annotation>
							<xs:simpleType>
								<xs:restriction base=""xs:string"">
									<xs:maxLength value=""4000""/>
											</xs:restriction>
							</xs:simpleType>
						</xs:attribute>
						<xs:attribute name=""adviseText"" use=""optional"">
							<xs:annotation>
								<xs:documentation>[HinweisText] Hinweistext</xs:documentation>
							</xs:annotation>
							<xs:simpleType>
								<xs:restriction base=""xs:string"">
									<xs:maxLength value=""500""/>
											</xs:restriction>
							</xs:simpleType>
						</xs:attribute>
						<xs:attribute name=""blockResult"" use=""optional"">
							<xs:annotation>
								<xs:documentation>[BlockErgebnis] Bei X/Y Diagrammen Xu.Y durch Komma getrennt, Paare durch Strichpunkt getrennt
Größe auf 100k begrenzt</xs:documentation>
							</xs:annotation>
							<xs:simpleType>
								<xs:restriction base=""xs:base64Binary"">
												<xs:maxLength value=""102400""/>
								</xs:restriction>
							</xs:simpleType>
						</xs:attribute>
						<xs:attribute name=""errorType"" use=""optional"">
							<xs:annotation>
								<xs:documentation>[Fehlertyp] Beschreibt den Typ eines Fehlers</xs:documentation>
							</xs:annotation>
							<xs:simpleType>
								<xs:restriction base=""xs:string"">
									<xs:maxLength value=""1""/>
											</xs:restriction>
							</xs:simpleType>
						</xs:attribute>
						<xs:attribute name=""evaluationMinValue"" type=""xs:double"" use=""optional"">
							<xs:annotation>
								<xs:documentation>[BewMinWert] Erweiterte Möglichkeit zur Bewertung mit zusätzlichen Toleranzen</xs:documentation>
							</xs:annotation>
						</xs:attribute>
						<xs:attribute name=""evaluationMaxValue"" type=""xs:double"" use=""optional"">
							<xs:annotation>
								<xs:documentation>[BewMaxWert] Erweiterte Möglichkeit zur Bewertung mit zusätzlichen Toleranzen</xs:documentation>
							</xs:annotation>
						</xs:attribute>
						<xs:attribute name=""apdmResultId"" type=""xs:long"" use=""optional""/>
						<xs:attribute name=""manualFlag"" use=""optional"">
							<xs:simpleType>
								<xs:restriction base=""xs:string"">
									<xs:maxLength value=""10""/>
											</xs:restriction>
							</xs:simpleType>
						</xs:attribute>
						<xs:attribute name=""testStepDuration"" type=""xs:long"" use=""optional"">
							<xs:annotation>
								<xs:documentation>Dauer eines Pruefschritts</xs:documentation>
							</xs:annotation>
						</xs:attribute>
						<xs:attribute name=""testStepStart"" type=""xs:long"" use=""optional"">
							<xs:annotation>
								<xs:documentation>Startwert f. Ganttauswertungen</xs:documentation>
							</xs:annotation>
						</xs:attribute>
						<xs:attribute name=""adjustMinDbl"" type=""xs:double"" use=""optional""/>
						<xs:attribute name=""adjustMaxDbl"" type=""xs:double"" use=""optional""/>
						<xs:attribute name=""differenceValueDbl"" type=""xs:double"" use=""optional""/>
					</xs:complexType>
				</xs:element>
				<xs:element name=""resultVariable"" minOccurs=""0"" maxOccurs=""unbounded"">
					<xs:complexType>
						<xs:attribute name=""variableKey"" use=""required"">
							<xs:annotation>
								<xs:documentation> Name der Prüfstands-Variable (z.B. Inline) </xs:documentation>
							</xs:annotation>
							<xs:simpleType>
								<xs:restriction base=""xs:string"">
									<xs:maxLength value=""20""/>
								</xs:restriction>
							</xs:simpleType>
						</xs:attribute>
						<xs:attribute name=""variableValue"" use=""required"">
							<xs:annotation>
								<xs:documentation> Wert der Prüfstands-Variable (z.B. true) </xs:documentation>
							</xs:annotation>
							<xs:simpleType>
								<xs:restriction base=""xs:string"">
									<xs:maxLength value=""20""/>
								</xs:restriction>
							</xs:simpleType>
						</xs:attribute>	
					</xs:complexType>
				</xs:element>
			</xs:sequence>
			<xs:attribute name=""testStand"" use=""required"">
				<xs:annotation>
					<xs:documentation>[Pruefstand] Bezeichnung des Prüfstands (entspricht nicht zwangsläufig IP-Name)</xs:documentation>
				</xs:annotation>
				<xs:simpleType>
					<xs:restriction base=""xs:string"">
						<xs:maxLength value=""100""/>
					</xs:restriction>
				</xs:simpleType>
			</xs:attribute>
			<xs:attribute name=""controlCriteria"" use=""optional"">
				<xs:annotation>
					<xs:documentation>Steuerkriterium für IPS-Q (wird entweder auf Ergebnis 1:1 übernommen oder durch APDM erzeugt)</xs:documentation>
				</xs:annotation>
				<xs:simpleType>
					<xs:restriction base=""xs:string"">
						<xs:maxLength value=""70""/>
					</xs:restriction>
				</xs:simpleType>
			</xs:attribute>
			<xs:attribute name=""testDuration"" use=""optional"">
				<xs:annotation>
					<xs:documentation>[Pruefdauer] Dauer der Prüfung in sec</xs:documentation>
				</xs:annotation>
				<xs:simpleType>
					<xs:restriction base=""xs:int"">
						<xs:totalDigits value=""4""/>
					</xs:restriction>
				</xs:simpleType>
			</xs:attribute>
			<xs:attribute name=""cycleTime"" use=""optional"">
				<xs:annotation>
					<xs:documentation>[Taktzeit] Standzeit des Fahrzeugs in sec</xs:documentation>
				</xs:annotation>
				<xs:simpleType>
					<xs:restriction base=""xs:int"">
						<xs:totalDigits value=""4""/>
					</xs:restriction>
				</xs:simpleType>
			</xs:attribute>
			<xs:attribute name=""errorCount"" use=""required"">
				<xs:annotation>
					<xs:documentation>[Fehleranzahl] Gesamtanzahl der Prüfschritte, die einen Fehler aufweisen. Fehler -> 0=i.O. Fahrzeug</xs:documentation>
				</xs:annotation>
				<xs:simpleType>
					<xs:restriction base=""xs:int"">
						<xs:totalDigits value=""4""/>
					</xs:restriction>
				</xs:simpleType>
			</xs:attribute>
			<xs:attribute name=""complete"" type=""xs:boolean"" use=""required"">
				<xs:annotation>
					<xs:documentation>[Komplett] Gibtan, ob die Prüfung komplett durchgeführt oder unterbrochen wurde</xs:documentation>
				</xs:annotation>
			</xs:attribute>
			<xs:attribute name=""pruefumfangName"" use=""required"">
				<xs:annotation>
					<xs:documentation>Name des Prüfumfangs bei CASCADE oder Prüftyp bei alt Systemen</xs:documentation>
				</xs:annotation>
				<xs:simpleType>
					<xs:restriction base=""xs:string"">
						<xs:maxLength value=""100""/>
					</xs:restriction>
				</xs:simpleType>
			</xs:attribute>
			<xs:attribute name=""testVersion"" use=""optional"">
				<xs:annotation>
					<xs:documentation>[PruefungVersion] Beschreibt die Version des Prüfumfangs</xs:documentation>
				</xs:annotation>
				<xs:simpleType>
					<xs:restriction base=""xs:string"">
						<xs:maxLength value=""15""/>
					</xs:restriction>
				</xs:simpleType>
			</xs:attribute>
			<xs:attribute name=""editor"" use=""optional"">
				<xs:annotation>
					<xs:documentation>[Bearbeiter] Identifikation des Prüfers</xs:documentation>
				</xs:annotation>
				<xs:simpleType>
					<xs:restriction base=""xs:string"">
						<xs:maxLength value=""20""/>
					</xs:restriction>
				</xs:simpleType>
			</xs:attribute>
			<xs:attribute name=""retryCountSummary"" use=""optional"">
				<xs:annotation>
					<xs:documentation>[Wiederholung] Gibt die Gesamtanzahl der wiederholten Prüfschriftte an</xs:documentation>
				</xs:annotation>
				<xs:simpleType>
					<xs:restriction base=""xs:int"">
						<xs:totalDigits value=""3""/>
					</xs:restriction>
				</xs:simpleType>
			</xs:attribute>
			<xs:attribute name=""measureType"" use=""optional"">
				<xs:annotation>
					<xs:documentation>[Messart] Art der Messung</xs:documentation>
				</xs:annotation>
				<xs:simpleType>
					<xs:restriction base=""xs:string"">
						<xs:maxLength value=""25""/>
					</xs:restriction>
				</xs:simpleType>
			</xs:attribute>
			<xs:attribute name=""pullDownEquipment"" type=""xs:boolean"" use=""optional"">
				<xs:annotation>
					<xs:documentation>[Niederzug] Gibt an, ob das Fahrzeug auf eine bestimmte Höhe gezogen wurde.</xs:documentation>
				</xs:annotation>
			</xs:attribute>
			<xs:attribute name=""chassisCoding"" use=""optional"">
				<xs:annotation>
					<xs:documentation>[Fahrwerkvercodung] Programmnummer für Sollwertvorgabe (nur Achs/Hachs)</xs:documentation>
				</xs:annotation>
				<xs:simpleType>
					<xs:restriction base=""xs:string"">
						<xs:maxLength value=""20""/>
					</xs:restriction>
				</xs:simpleType>
			</xs:attribute>
			<xs:attribute name=""testTime"" type=""xs:dateTime"" use=""required"">
				<xs:annotation>
					<xs:documentation>[Pruefzeitpunkt] Zeitstempel der Prüfung</xs:documentation>
				</xs:annotation>
			</xs:attribute>
			<xs:attribute name=""shift"" use=""optional"">
				<xs:annotation>
					<xs:documentation>[Schicht] Schichtzuordnung</xs:documentation>
				</xs:annotation>
				<xs:simpleType>
					<xs:restriction base=""xs:string"">
						<xs:maxLength value=""1""/>
					</xs:restriction>
				</xs:simpleType>
			</xs:attribute>
			<xs:attribute name=""optParam1"" use=""optional"">
				<xs:annotation>
					<xs:documentation>optionaler Parameter1</xs:documentation>
				</xs:annotation>
				<xs:simpleType>
					<xs:restriction base=""xs:string"">
						<xs:maxLength value=""20""/>
					</xs:restriction>
				</xs:simpleType>
			</xs:attribute>
			<xs:attribute name=""optParam2"" use=""optional"">
				<xs:annotation>
					<xs:documentation>optionaler Parameter2</xs:documentation>
				</xs:annotation>
				<xs:simpleType>
					<xs:restriction base=""xs:string"">
						<xs:maxLength value=""20""/>
					</xs:restriction>
				</xs:simpleType>
			</xs:attribute>
			<xs:attribute name=""optParam3"" use=""optional"">
				<xs:annotation>
					<xs:documentation>optionaler Parameter3</xs:documentation>
				</xs:annotation>
				<xs:simpleType>
					<xs:restriction base=""xs:string"">
						<xs:maxLength value=""20""/>
					</xs:restriction>
				</xs:simpleType>
			</xs:attribute>
			<xs:attribute name=""optParam4"" use=""optional"">
				<xs:annotation>
					<xs:documentation>optionaler Parameter4</xs:documentation>
				</xs:annotation>
				<xs:simpleType>
					<xs:restriction base=""xs:string"">
						<xs:maxLength value=""20""/>
					</xs:restriction>
				</xs:simpleType>
			</xs:attribute>
			<xs:attribute name=""optParam5"" use=""optional"">
				<xs:annotation>
					<xs:documentation>optionaler Parameter5</xs:documentation>
				</xs:annotation>
				<xs:simpleType>
					<xs:restriction base=""xs:string"">
						<xs:maxLength value=""20""/>
					</xs:restriction>
				</xs:simpleType>
			</xs:attribute>
			<xs:attribute name=""iStep"" use=""optional"">
				<xs:annotation>
					<xs:documentation>I-Stufe, die im Fahrzeug steht</xs:documentation>
				</xs:annotation>
				<xs:simpleType>
					<xs:restriction base=""xs:string"">
						<xs:maxLength value=""50""/>
					</xs:restriction>
				</xs:simpleType>
			</xs:attribute>
			<xs:attribute name=""apdmTestId"" type=""xs:long"" use=""optional""/>
			<xs:attribute name=""manualFlag"" type=""xs:string"" use=""optional""/>
			<xs:attribute name=""physicalPruefumfangName"" use=""optional"">
				<xs:annotation>
					<xs:documentation>Physikalischer Pruefumfangname von CASCADE</xs:documentation>
				</xs:annotation>
				<xs:simpleType>
					<xs:restriction base=""xs:string"">
						<xs:maxLength value=""100""/>
					</xs:restriction>
				</xs:simpleType>
			</xs:attribute>
		</xs:complexType>
	</xs:element>
</xs:schema>"
orderData,01.28.00,"<?xml version=""1.0"" encoding=""UTF-8""?>
<!-- edited with XMLSPY v5 rel. 2 U (http://www.xmlspy.com) by BMW AG (BMW AG) -->
<!--
   Projekt XML-Schema fuer Auftragsdaten

  Versionsgeschichte:	
	Version 01.07.00: 2003-04-07T09:39:00 := Ersterstellung;
	Version 01.08.00: 2003-04-10T09:47:00 := Sonderzeichen bei 'softwareOrderID' entfernt, Doku Element 'FZS' geaendert, Attribut OrderID == Ordernummer fuer RDC;
	Version 01.09.00: 2003-04-23T08:38:00 := Attribute securityVehicle, sparePartNumber, spareAssemblyPartNumber und programmingRequired hizugefuegt; Doc nach ISO 639;
	Version 01.10.00: 2003-05-05T16:10:00 := Element euNo hinzugefuegt, sgAddress hinzugefuegt;
	Version 01.11.00: 2003-10-24T15:35:00 := Attribute Integrationsstufe und Client Adresse hinzugefuegt;
	Version 01.12.00: 2003-10-30T12:30:00 := alle Attribute im FSC Container hinzugefuegt zum speichern der Header Information vom FSC XML Anteil;
	Version 01.20.00: 2004-01-26T07:00:00 := alle Sammlungen geklammert, Attribut refSchema in der root hinzugefuegt (required)
                                                                            Element sgContainer ind sgSingleContainer geaendert,
                                                                            Attribut sgAdress ist required in sgSingleContainer,
                                                                            Attribute diagnosticIndex, codingIndex, changeIndex in sgSingleContainer eingefuegt,
                                                                            Attribut variantName in variantIndex in sgSingleContainer geaendert,
                                                                            Container wheelTransponders Namen der Elemente und Attribute geaendert,
                                                                            einzelne fscBloecke 0 bis 5 entfernt und durch einen fscBlock ersetzt,
                                                                            Beschraenkungen fuer Laengen nur noch fuer C und D Codes in der root;
	Version 01.21.00: 2004-02-02T07:00:00 := FSC Freischaltcodes als any-Element definiert, wegen folgender Aenderungen bei der FSC Struktur und weil FSC durch IPS-L DB nur
                                                                            weitergereicht wird (keine DB-Persistenz)
                                                                            FSC gekapselt in das Element fscData, FSC namespace ist ""http://bmw.com/fscData"" 
	Version 01.22.00: 2004-02-05T10:15:00 := Elemente und Attribute (ausgenommen Eigennamen wie z.B. DTD oder VIN) hinsichtlich TagNamenskonvention bereinigt (Id und nicht ID) 
	Version 01.22.01: 2004-02-18T16:30:00 := Im any-Element fuer die FSC das Attribut 'processContents=""skip"" ' gesetzt, damit der xerces parser XML-Instanzen fehlerfrei validiieren kann
	Version 01.22.02: 2004-02-23T07:00:00 := Kommentierung zweisprachig (DEU / ENG)
	Version 01.23.00: 2004-06-01T09:45:00 := Attribut targetNamespace entfernt
	                                                                     Attribute fuer Befuellung (fuelCode, brakeCode, servoCodeExtended, washWaterCode, radiatorCode, airConCode, breakpedalTestCode, airConLeakCode
	                                                                     alte Codes koennen perspekt. entfallen)
	                                                                     zuaetzliche optionale Attribute und Elemente eingefuegt, nur notwendig fuer die DOM-Dokumentation (Attribute codingTime, codingLocation, 
	                                                                     manufacturingDate, supplierNo, hardwareVersion und serialNo und Container softwareVersions) 
	Version 01.24.00: 2004-06-02T15:15:00 := neue Befuellattribute in fillCodes geklammert
	Version 01.25.00: 2009-01-19T17:18:00 := TBU, UWI: Attribut hybridType hinzugefuegt, TI-430 -> TP-430
	Version 01.26.00: 2011-05-09T13:25:00 := TBU: Attribut customerId hinzugefuegt, TP-430 -> TI-538
	Version 01.27.00: 2012-06-02T13:25:00 := TBU: Antriebseinheit hinzugefuegt, Hybrid Kommentare ergaenzt
	Version 01.27.01: 2012-07-27T10:00:00 := TBU: Antriebseinheit muss immer kommen, Verbrennungsmotoren werden perspektivisch dort auch abgebildet, Motorattribute im header entfallen langfristig
	Version 01.27.02: 2012-10-04T11:00:00 := TBU: Attribut: Reichweitenklasse eingefügt, Motordrehzahl entfernt, Motordrehmoment ist ein int, Kommentare aktualisiert
	Version 01.27.03: 2013-03-19T11:00:00 := TBU: minOccurs=0 bei DriveUnit geändert
	Version 01.27.04: 2013-04-15T11:00:00 := TBU: bisher wurde in der Root-Reihenfolge eine feste Sequenz vorausgesetzt; da jedoch OrderXML Instanzen ohne Beachtung der Sequenz existieren, wird das Schema hier weicher gemacht
	Version 01.28.00: 2013-10-09T11:00:00 := TBU: Schemaänderung: Nach FG Info gibt es das E-Mobilität Attribut ""rangeClass"" nicht pro Motor, sondern nur pro Antriebseinheit, explizite ""optional"" Kennung bei ""driveUnitNumber"" entfernt
-->
<xs:schema xmlns:xs=""http://www.w3.org/2001/XMLSchema"" xmlns=""http://bmw.com/orderData"" elementFormDefault=""qualified"" attributeFormDefault=""unqualified"" version=""01.28.00"">
	<xs:element name=""orderData"">
		<xs:annotation>
			<xs:documentation xml:lang=""de"">Auftragsdatenschema; (c) BMW AG; TI-538; 2013.10.09</xs:documentation>
			<xs:documentation xml:lang=""en"">Order Data Schema; (c) BMW AG; TI-538; 2013.10.09</xs:documentation>
		</xs:annotation>
		<xs:complexType>
			<xs:all>
				<xs:element name=""fileInfo"">
					<xs:annotation>
						<xs:documentation xml:lang=""de"">allgemeine Dateiinfo</xs:documentation>
						<xs:documentation xml:lang=""en"">General file information</xs:documentation>
					</xs:annotation>
					<xs:complexType>
						<xs:attribute name=""date"" type=""xs:string"">
							<xs:annotation>
								<xs:documentation xml:lang=""de"">Zeitpunkt der Erstellung o. des Updates (direktes Zeitformat) ""20040223095300""</xs:documentation>
								<xs:documentation xml:lang=""en"">Time of the creation or update (direct time format) ""20040223095300""</xs:documentation>
							</xs:annotation>
						</xs:attribute>
						<xs:attribute name=""comment"" type=""xs:string"">
							<xs:annotation>
								<xs:documentation xml:lang=""de"">Kommentar ""Text""</xs:documentation>
								<xs:documentation xml:lang=""en"">Comment ""Text""</xs:documentation>
							</xs:annotation>
						</xs:attribute>
						<xs:attribute name=""author"" type=""xs:string"">
							<xs:annotation>
								<xs:documentation xml:lang=""de"">Autor ""Name""</xs:documentation>
								<xs:documentation xml:lang=""en"">Author ""Name""</xs:documentation>
							</xs:annotation>
						</xs:attribute>
						<xs:attribute name=""plantId"" type=""xs:string"">
							<xs:annotation>
								<xs:documentation xml:lang=""de"">Werkskennung z.B. Werk2.4 DGF ""02.40""</xs:documentation>
								<xs:documentation xml:lang=""en"">Plant ID e.g. Plant2.4 DGF ""02.40""</xs:documentation>
							</xs:annotation>
						</xs:attribute>
						<xs:attribute name=""firstCreationDate"" type=""xs:dateTime"">
							<xs:annotation>
								<xs:documentation xml:lang=""de"">Ersterstellungszeit z.B. ""2004-02-23T13:20:00.000-05:00""</xs:documentation>
								<xs:documentation xml:lang=""en"">creation date e.g.""2004-02-23T13:20:00.000-05:00""</xs:documentation>
							</xs:annotation>
						</xs:attribute>
						<xs:attribute name=""latestCreationDate"" type=""xs:dateTime"">
							<xs:annotation>
								<xs:documentation xml:lang=""de"">letzte Erstellungs- bzw. Updatezeit z.B. ""2004-02-23T13:20:00.000-05:00""</xs:documentation>
								<xs:documentation xml:lang=""en"">last creation date or alternatively update date e.g. ""2004-02-23T13:20:00.000-05:00""</xs:documentation>
							</xs:annotation>
						</xs:attribute>
						<xs:attribute name=""vehicleState"" type=""xs:string"">
							<xs:annotation>
								<xs:documentation xml:lang=""de"">Fahrzeugstatus z.B. ""6000"" = F2</xs:documentation>
								<xs:documentation xml:lang=""en"">Vehicle state e.g. ""6000"" = F2</xs:documentation>
							</xs:annotation>
						</xs:attribute>
						<xs:attribute name=""codingTime"" type=""xs:dateTime"">
							<xs:annotation>
								<xs:documentation xml:lang=""de"">Codierzeit z.B.""2004-02-23T13:20:00.000-05:00""</xs:documentation>
								<xs:documentation xml:lang=""en"">coding Time e.g.""2004-02-23T13:20:00.000-05:00""</xs:documentation>
							</xs:annotation>
						</xs:attribute>
						<xs:attribute name=""codingLocation"" type=""xs:string"">
							<xs:annotation>
								<xs:documentation xml:lang=""de"">Codierort als Werkskuerzel z.B. ""0240""</xs:documentation>
								<xs:documentation xml:lang=""en"">Coding Location as Plant abbreviation e.q. ""0240""</xs:documentation>
							</xs:annotation>
						</xs:attribute>
					</xs:complexType>
				</xs:element>
				<xs:element name=""fillCodes"" minOccurs=""0"">
					<xs:annotation>
						<xs:documentation xml:lang=""de"">Container fuer neue Fuellcodes</xs:documentation>
						<xs:documentation xml:lang=""en"">Container for new fill Codes</xs:documentation>
					</xs:annotation>
					<xs:complexType>
						<xs:attribute name=""fuelCode"" type=""xs:string"">
							<xs:annotation>
								<xs:documentation xml:lang=""de"">Kraftstoffqualitaet und Menge in l (z.B. NB0600)</xs:documentation>
								<xs:documentation xml:lang=""en"">FuelQuality and Quantity in l (e.q. NB0600)</xs:documentation>
							</xs:annotation>
						</xs:attribute>
						<xs:attribute name=""brakeCode"" type=""xs:string"">
							<xs:annotation>
								<xs:documentation xml:lang=""de"">ABS-Typ (z.B. DSC_60T =Teves DSCMK60)</xs:documentation>
								<xs:documentation xml:lang=""en"">ABS-type (e.q. DSC_60T =Teves DSCMK60)</xs:documentation>
							</xs:annotation>
						</xs:attribute>
						<xs:attribute name=""servoCodeExtended"" type=""xs:string"">
							<xs:annotation>
								<xs:documentation xml:lang=""de"">Oel Qualitaet und Servosystem (z.B. CHFARSAFS)</xs:documentation>
								<xs:documentation xml:lang=""en"">oil quality and servosystem (e.q. CHFARSAFS)</xs:documentation>
							</xs:annotation>
						</xs:attribute>
						<xs:attribute name=""washWaterCode"" type=""xs:string"">
							<xs:annotation>
								<xs:documentation xml:lang=""de"">Fuellmenge in l (z.B. 30 = 3,0 Liter)</xs:documentation>
								<xs:documentation xml:lang=""en"">fill volume in l (e.q. 30 = 3,0 liter)</xs:documentation>
							</xs:annotation>
						</xs:attribute>
						<xs:attribute name=""radiatorCode"" type=""xs:string"">
							<xs:annotation>
								<xs:documentation xml:lang=""de"">Differenz zwischen Fuellstutzen und Fluessigkeitspegel plus Fuellmenge in l
(z.B. 50064 =50mm, 6,4 l)</xs:documentation>
								<xs:documentation xml:lang=""en"">fill pipe length between top of filler neck and fluid level in mm plus fill volume in
l (e.q. 50064 =50mm, 6,4l)</xs:documentation>
							</xs:annotation>
						</xs:attribute>
						<xs:attribute name=""airConCode"" type=""xs:string"">
							<xs:annotation>
								<xs:documentation xml:lang=""de"">Fuellmenge in g (z.B. 500 = 500g)</xs:documentation>
								<xs:documentation xml:lang=""en"">fill quantity in g (e.q. 500 = 500g)</xs:documentation>
							</xs:annotation>
						</xs:attribute>
						<xs:attribute name=""brakepedalTestCode"" type=""xs:string"">
							<xs:annotation>
								<xs:documentation xml:lang=""de"">Grenze fuer Pedalbewegung in mm und Anzahl der Setzhuebe zum Erreichen des Bremsdruckes (z.B. 683 =68mm, 3Setzhuebe)</xs:documentation>
								<xs:documentation xml:lang=""en"">limit value for pedal travel in mm, to be under run until reaching of a rated force on the brake pedal, conditioning stroke (e.q. 683 =68 mm, 3 idle strokes)</xs:documentation>
							</xs:annotation>
						</xs:attribute>
						<xs:attribute name=""airConLeakCode"" type=""xs:string"">
							<xs:annotation>
								<xs:documentation xml:lang=""de"">Volumen, Anzahl der Schnueffelstellen und Fuelldruck (z.B. 220715 =2,2 l, 7 Schnueffelstellen, 15 Bar)</xs:documentation>
								<xs:documentation xml:lang=""en"">Systemvolume, amount of joints to sniff, fillpressure (e.q. 220715 =2,2l, 7 joints to sniff, 15Bar)</xs:documentation>
							</xs:annotation>
						</xs:attribute>
					</xs:complexType>
				</xs:element>
				<xs:element name=""saCodes"" minOccurs=""0"">
					<xs:annotation>
						<xs:documentation xml:lang=""de"">Container fuer Bestell- und Serien SAs </xs:documentation>
						<xs:documentation xml:lang=""en"">Container for order and series SAs </xs:documentation>
					</xs:annotation>
					<xs:complexType>
						<xs:sequence>
							<xs:element name=""saCode"" minOccurs=""0"" maxOccurs=""unbounded"">
								<xs:annotation>
									<xs:documentation xml:lang=""de"">Bestell- und Serien SAs ueber 100</xs:documentation>
									<xs:documentation xml:lang=""en"">Order and series SAs greater than 100</xs:documentation>
								</xs:annotation>
								<xs:simpleType>
									<xs:restriction base=""xs:string""/>
								</xs:simpleType>
							</xs:element>
						</xs:sequence>
					</xs:complexType>
				</xs:element>
				<xs:element name=""sxCodes"" minOccurs=""0"">
					<xs:annotation>
						<xs:documentation xml:lang=""de"">Container fuer Pseudo-SAs</xs:documentation>
						<xs:documentation xml:lang=""en"">Container for pseudo SAs</xs:documentation>
					</xs:annotation>
					<xs:complexType>
						<xs:sequence>
							<xs:element name=""sxCode"" minOccurs=""0"" maxOccurs=""unbounded"">
								<xs:annotation>
									<xs:documentation xml:lang=""de"">SAs unter 100 (Pseudo-SAs)</xs:documentation>
									<xs:documentation xml:lang=""en"">SAs less than 100 (pseudo SAs)</xs:documentation>
								</xs:annotation>
								<xs:simpleType>
									<xs:restriction base=""xs:string""/>
								</xs:simpleType>
							</xs:element>
						</xs:sequence>
					</xs:complexType>
				</xs:element>
				<xs:element name=""ewCodes"" minOccurs=""0"">
					<xs:annotation>
						<xs:documentation xml:lang=""de"">Container fuer Ergaenzungsworte</xs:documentation>
						<xs:documentation xml:lang=""en"">Container for supplemental words</xs:documentation>
					</xs:annotation>
					<xs:complexType>
						<xs:sequence>
							<xs:element name=""ewCode"" minOccurs=""0"" maxOccurs=""unbounded"">
								<xs:annotation>
									<xs:documentation xml:lang=""de"">Ergaenzungsworte (PUSY gesteuerte Ergaenzungsparameter fuer den Fahrzeugauftrag)</xs:documentation>
									<xs:documentation xml:lang=""en"">Supplemental words (PUSY controlled supplementary parameters for the vehicle order)</xs:documentation>
								</xs:annotation>
								<xs:simpleType>
									<xs:restriction base=""xs:string""/>
								</xs:simpleType>
							</xs:element>
						</xs:sequence>
					</xs:complexType>
				</xs:element>
				<xs:element name=""euNos"" minOccurs=""0"">
					<xs:annotation>
						<xs:documentation xml:lang=""de"">Container fuer NAELs</xs:documentation>
						<xs:documentation xml:lang=""en"">Container for NAELs</xs:documentation>
					</xs:annotation>
					<xs:complexType>
						<xs:sequence>
							<xs:element name=""euNo"" minOccurs=""0"" maxOccurs=""unbounded"">
								<xs:annotation>
									<xs:documentation xml:lang=""de"">Einsatzumfang fuer einsetzende Aenderungen (NAEL-Nummer)</xs:documentation>
									<xs:documentation xml:lang=""en"">scope for inserted changes (NAEL number)</xs:documentation>
								</xs:annotation>
								<xs:complexType>
									<xs:simpleContent>
										<xs:extension base=""xs:string"">
											<xs:attribute name=""euValue"" type=""xs:string"">
												<xs:annotation>
													<xs:documentation xml:lang=""de"">Einsatzumfangnummer (Zsfsg von mehreren NAEL's) 6 stellig alphanumerisch Bsp: U2333S</xs:documentation>
													<xs:documentation xml:lang=""en"">Einsatzumfangnummer (list of many NAELs) 6-digit alphanumeric E.g.: U2333S</xs:documentation>
												</xs:annotation>
											</xs:attribute>
											<xs:attribute name=""euOldNewMark"" type=""xs:string"">
												<xs:annotation>
													<xs:documentation xml:lang=""de"">Kennzeichen alt oder neu 1 Zeichen z.B. ""A""</xs:documentation>
													<xs:documentation xml:lang=""en"">Code old or new 1 character e.g. ""A""</xs:documentation>
												</xs:annotation>
											</xs:attribute>
											<xs:attribute name=""euPlantId"" type=""xs:string"">
												<xs:annotation>
													<xs:documentation xml:lang=""de"">Werkskennzeichnung hier nur 2 stellig fuer Werk DGF z.B. ""02""</xs:documentation>
													<xs:documentation xml:lang=""en"">Plant ID, here only 2 digits for plant DGF e.g. ""02""</xs:documentation>
												</xs:annotation>
											</xs:attribute>
										</xs:extension>
									</xs:simpleContent>
								</xs:complexType>
							</xs:element>
						</xs:sequence>
					</xs:complexType>
				</xs:element>
				<xs:element name=""driveUnit"" minOccurs=""0"">
					<xs:annotation>
						<xs:documentation xml:lang=""de"">Container fuer die Motoren die zur Antriebseinheit gehoeren</xs:documentation>
						<xs:documentation xml:lang=""en"">Container for the drive unit relevant engines</xs:documentation>
					</xs:annotation>
					<xs:complexType>
						<xs:sequence>
							<xs:element name=""driveUnitEngines"" maxOccurs=""unbounded"">
								<xs:annotation>
									<xs:documentation xml:lang=""de"">Motorendetails</xs:documentation>
									<xs:documentation xml:lang=""en"">engine details</xs:documentation>
								</xs:annotation>
								<xs:complexType>
									<xs:attribute name=""engineNumber"" type=""xs:string"">
										<xs:annotation>
											<xs:documentation xml:lang=""de"">MotorNummer, 8 Zeichen,  z.B. ""33988606""</xs:documentation>
											<xs:documentation xml:lang=""en"">engine number, 8 chars,  e.g. ""33988606""</xs:documentation>
										</xs:annotation>
									</xs:attribute>
									<xs:attribute name=""engineCalibrationData"" type=""xs:string"">
										<xs:annotation>
											<xs:documentation xml:lang=""de"">MotorAbgleichDaten</xs:documentation>
											<xs:documentation xml:lang=""en"">engine calibration data</xs:documentation>
										</xs:annotation>
									</xs:attribute>
									<xs:attribute name=""engineFamily"" type=""xs:string"">
										<xs:annotation>
											<xs:documentation xml:lang=""de"">Motorfamilie, 3 Zeichen, z.B. E0</xs:documentation>
											<xs:documentation xml:lang=""en"">engine family, 3 chars, e.q. E0</xs:documentation>
										</xs:annotation>
									</xs:attribute>
									<xs:attribute name=""engineSeries"" type=""xs:string"">
										<xs:annotation>
											<xs:documentation xml:lang=""de"">MotorBaureihe, 6 Zeichen, z.B. ""M52""</xs:documentation>
											<xs:documentation xml:lang=""en"">engine series, 6 chars, e.g. ""M52""</xs:documentation>
										</xs:annotation>
									</xs:attribute>
									<xs:attribute name=""engineDerivative"" type=""xs:string"">
										<xs:annotation>
											<xs:documentation xml:lang=""de"">Antriebskonzeption, 1 Zeichen, O</xs:documentation>
											<xs:documentation xml:lang=""en"">engine derivative, 1 char, e.q. O</xs:documentation>
										</xs:annotation>
									</xs:attribute>
									<xs:attribute name=""engineSize"" type=""xs:float"">
										<xs:annotation>
											<xs:documentation xml:lang=""de"">Hubraum z.B. 1,8 Liter ""1.80""</xs:documentation>
											<xs:documentation xml:lang=""en"">engine size e.g. 1.8 litre ""1.80""</xs:documentation>
										</xs:annotation>
									</xs:attribute>
									<xs:attribute name=""engineTorque"" type=""xs:int"">
										<xs:annotation>
											<xs:documentation xml:lang=""de"">Motordrehmoment</xs:documentation>
											<xs:documentation xml:lang=""en"">engine torque</xs:documentation>
										</xs:annotation>
									</xs:attribute>
									<xs:attribute name=""enginePowerClass"" type=""xs:string"">
										<xs:annotation>
											<xs:documentation xml:lang=""de"">Leistungsklasse, 2 Zeichen, z.B. ML</xs:documentation>
											<xs:documentation xml:lang=""en"">engine power class, 2chars, e.q. ML</xs:documentation>
										</xs:annotation>
									</xs:attribute>
									<xs:attribute name=""engineOperatingTechnique"" type=""xs:string"">
										<xs:annotation>
											<xs:documentation xml:lang=""de"">Motorarbeitsverfahren, 3 Zeichen, z.B. PSM</xs:documentation>
											<xs:documentation xml:lang=""en"">engine operating technique, 3 chars, e.q. PSM</xs:documentation>
										</xs:annotation>
									</xs:attribute>
									<xs:attribute name=""fuelQuantityCode"" type=""xs:string"">
										<xs:annotation>
											<xs:documentation xml:lang=""de"">Kraftstofffuellmengencode (Menge+Typ codiert) z.B. ""123""
</xs:documentation>
											<xs:documentation xml:lang=""en"">fuel quantity code(quantity + type coded) e.g. ""123""
</xs:documentation>
										</xs:annotation>
									</xs:attribute>
									<xs:attribute name=""fuelPreparationType"" type=""xs:string"">
										<xs:annotation>
											<xs:documentation xml:lang=""de"">Art der Gemischaufbereitung (Einspritzer)  z.B. ""I""
</xs:documentation>
											<xs:documentation xml:lang=""en"">Fuel preparation type (injection)  e.g. ""I""
</xs:documentation>
										</xs:annotation>
									</xs:attribute>
								</xs:complexType>
							</xs:element>
						</xs:sequence>
						<xs:attribute name=""driveUnitNumber"" type=""xs:string"">
							<xs:annotation>
								<xs:documentation xml:lang=""de"">Antriebseinheit, 8 Zeichen z.B. XB2131M0</xs:documentation>
								<xs:documentation xml:lang=""en"">control unit, 8 chars, e.q. XB2131M0</xs:documentation>
							</xs:annotation>
						</xs:attribute>
						<xs:attribute name=""rangeClass"" type=""xs:string"">
							<xs:annotation>
								<xs:documentation xml:lang=""de"">Reichweitenklasse, 5 Zeichen, z.B. RW_N</xs:documentation>
								<xs:documentation xml:lang=""en"">range class, 5 chars, e.q. RW_N</xs:documentation>
							</xs:annotation>
						</xs:attribute>
					</xs:complexType>
				</xs:element>
				<xs:element name=""sgContainer"" minOccurs=""0"">
					<xs:annotation>
						<xs:documentation xml:lang=""de"">Container fuer alle Steuergeraete</xs:documentation>
						<xs:documentation xml:lang=""en"">Container for all electronic control units</xs:documentation>
					</xs:annotation>
					<xs:complexType>
						<xs:sequence>
							<xs:element name=""sgSingleContainer"" minOccurs=""0"" maxOccurs=""unbounded"">
								<xs:annotation>
									<xs:documentation xml:lang=""de"">Steuergeraetcontainer</xs:documentation>
									<xs:documentation xml:lang=""en"">Electronic control unit container</xs:documentation>
								</xs:annotation>
								<xs:complexType>
									<xs:sequence>
										<xs:element name=""partNos"" minOccurs=""0"">
											<xs:annotation>
												<xs:documentation xml:lang=""de"">Container fuer Sachnummern</xs:documentation>
												<xs:documentation xml:lang=""en"">Container for part number</xs:documentation>
											</xs:annotation>
											<xs:complexType>
												<xs:sequence>
													<xs:element name=""partNo"" minOccurs=""0"" maxOccurs=""unbounded"">
														<xs:annotation>
															<xs:documentation xml:lang=""de"">Sachnummern</xs:documentation>
															<xs:documentation xml:lang=""en"">Part numbers</xs:documentation>
														</xs:annotation>
														<xs:complexType>
															<xs:attribute name=""partName"" type=""xs:string"">
																<xs:annotation>
																	<xs:documentation xml:lang=""de"">Bezeichnung fuer Sachnummer</xs:documentation>
																	<xs:documentation xml:lang=""en"">Name of part number</xs:documentation>
																</xs:annotation>
															</xs:attribute>
															<xs:attribute name=""partNumber"" type=""xs:string"">
																<xs:annotation>
																	<xs:documentation xml:lang=""de"">aktuelle Sachnummerwert</xs:documentation>
																	<xs:documentation xml:lang=""en"">current part number value</xs:documentation>
																</xs:annotation>
															</xs:attribute>
															<xs:attribute name=""sparePartNumber"" type=""xs:string"">
																<xs:annotation>
																	<xs:documentation xml:lang=""de"">neue oder alternative Sachnummer</xs:documentation>
																	<xs:documentation xml:lang=""en"">new or spare part number</xs:documentation>
																</xs:annotation>
															</xs:attribute>
														</xs:complexType>
													</xs:element>
												</xs:sequence>
											</xs:complexType>
										</xs:element>
										<xs:element name=""assemblyPartNos"" minOccurs=""0"">
											<xs:annotation>
												<xs:documentation xml:lang=""de"">Container fuer ZusBauNummern</xs:documentation>
												<xs:documentation xml:lang=""en"">Container for assembly part numbers</xs:documentation>
											</xs:annotation>
											<xs:complexType>
												<xs:sequence>
													<xs:element name=""assemblyPartNo"" minOccurs=""0"" maxOccurs=""unbounded"">
														<xs:annotation>
															<xs:documentation xml:lang=""de"">ZusBauNummern</xs:documentation>
															<xs:documentation xml:lang=""en"">Assembly part numbers</xs:documentation>
														</xs:annotation>
														<xs:complexType>
															<xs:attribute name=""assemblyPartName"" type=""xs:string"">
																<xs:annotation>
																	<xs:documentation xml:lang=""de"">Bezeichnung fuer Zusbaunummer z.B. ""MOTOR""</xs:documentation>
																	<xs:documentation xml:lang=""en"">Name of assembly part number e.g. ""MOTOR""</xs:documentation>
																</xs:annotation>
															</xs:attribute>
															<xs:attribute name=""assemblyPartNumber"" type=""xs:string"">
																<xs:annotation>
																	<xs:documentation xml:lang=""de"">aktuelle Zusbaunummer ""1234567""</xs:documentation>
																	<xs:documentation xml:lang=""en"">current assembly part number ""1234567""</xs:documentation>
																</xs:annotation>
															</xs:attribute>
															<xs:attribute name=""spareAssemblyPartNumber"" type=""xs:string"">
																<xs:annotation>
																	<xs:documentation xml:lang=""de"">neue oder alternative Zusbaunummer</xs:documentation>
																	<xs:documentation xml:lang=""en"">new or spare assembly part number </xs:documentation>
																</xs:annotation>
															</xs:attribute>
															<xs:attribute name=""programmingRequired"" type=""xs:boolean"">
																<xs:annotation>
																	<xs:documentation xml:lang=""de"">muss programmiert werden Ja/Nein z.B. (""1"")</xs:documentation>
																	<xs:documentation xml:lang=""en"">must be programmed Yes/No e.g. (""1"")</xs:documentation>
																</xs:annotation>
															</xs:attribute>
														</xs:complexType>
													</xs:element>
												</xs:sequence>
											</xs:complexType>
										</xs:element>
										<xs:element name=""wheelTransponders"" minOccurs=""0"">
											<xs:annotation>
												<xs:documentation xml:lang=""de"">Container fuer Rad IDs</xs:documentation>
												<xs:documentation xml:lang=""en"">Container for wheel IDs</xs:documentation>
											</xs:annotation>
											<xs:complexType>
												<xs:sequence>
													<xs:element name=""wheelTransponder"" minOccurs=""0"" maxOccurs=""unbounded"">
														<xs:annotation>
															<xs:documentation xml:lang=""de"">RDC Rad IDs</xs:documentation>
															<xs:documentation xml:lang=""en"">RDC wheel IDs</xs:documentation>
														</xs:annotation>
														<xs:complexType>
															<xs:attribute name=""wheelName"" type=""xs:string"">
																<xs:annotation>
																	<xs:documentation xml:lang=""de"">Radbezeichnung ""name""</xs:documentation>
																	<xs:documentation xml:lang=""en"">Wheel name ""name""</xs:documentation>
																</xs:annotation>
															</xs:attribute>
															<xs:attribute name=""wheelTransponderId"" type=""xs:string"">
																<xs:annotation>
																	<xs:documentation xml:lang=""de"">Rad IDs (Transponder) ""id""</xs:documentation>
																	<xs:documentation xml:lang=""en"">Wheel IDs (transponder) ""id""</xs:documentation>
																</xs:annotation>
															</xs:attribute>
														</xs:complexType>
													</xs:element>
												</xs:sequence>
											</xs:complexType>
										</xs:element>
										<xs:element name=""fscContainer"" minOccurs=""0"">
											<xs:annotation>
												<xs:documentation xml:lang=""de"">Freischaltcodecontainer fuer Freischaltcodes</xs:documentation>
												<xs:documentation xml:lang=""en"">Activation code container for activation codes</xs:documentation>
											</xs:annotation>
											<xs:complexType>
												<xs:sequence>
													<xs:any namespace=""##other"" processContents=""skip"" minOccurs=""0"">
														<xs:annotation>
															<xs:documentation xml:lang=""de"">Freischaltcodes als freies wohlgeformtes XML gekapselt in Element fscData</xs:documentation>
															<xs:documentation xml:lang=""en"">Activation code as free well-formed XML encapsulated in element fscData</xs:documentation>
														</xs:annotation>
													</xs:any>
												</xs:sequence>
												<xs:attribute name=""fscXmlVersion"" type=""xs:string"">
													<xs:annotation>
														<xs:documentation xml:lang=""de"">XML-Version des FSC-XML-Teils z.B. ""1.0""</xs:documentation>
														<xs:documentation xml:lang=""en"">XML version of the FSC XML component e.g. ""1.0""</xs:documentation>
													</xs:annotation>
												</xs:attribute>
												<xs:attribute name=""fscXmlEncoding"" type=""xs:string"">
													<xs:annotation>
														<xs:documentation xml:lang=""de"">Encoding vom FSC-XML-Teil z.B. ""UTF-8""</xs:documentation>
														<xs:documentation xml:lang=""en"">Encoding of FSC XML component e.g. ""UTF-8""</xs:documentation>
													</xs:annotation>
												</xs:attribute>
												<xs:attribute name=""fscXmlDoctype"" type=""xs:string"">
													<xs:annotation>
														<xs:documentation xml:lang=""de"">DOCTYPE vom FSC-XML-Teil z.B. ""fscFixPackage""</xs:documentation>
														<xs:documentation xml:lang=""en"">DOCTYPE of FSC XML component e.g. ""fscFixPackage""</xs:documentation>
													</xs:annotation>
												</xs:attribute>
												<xs:attribute name=""fscXmlDTDorSchema"" type=""xs:string"">
													<xs:annotation>
														<xs:documentation xml:lang=""de"">DTD oder Schema vom FSC-XML-Teil z.B. ""fscFixPackage.dtd"" </xs:documentation>
														<xs:documentation xml:lang=""en"">DTD or schema of FSC XML component e.g. ""fscFixPackage.dtd"" </xs:documentation>
													</xs:annotation>
												</xs:attribute>
											</xs:complexType>
										</xs:element>
										<xs:element name=""softwareVersions"" minOccurs=""0"">
											<xs:annotation>
												<xs:documentation xml:lang=""de"">Container fuer SG Softwareversionen</xs:documentation>
												<xs:documentation xml:lang=""en"">Container for ECU software versions</xs:documentation>
											</xs:annotation>
											<xs:complexType>
												<xs:sequence>
													<xs:element name=""softwareVersion"" minOccurs=""0"" maxOccurs=""unbounded"">
														<xs:annotation>
															<xs:documentation xml:lang=""de"">SG Softwareversion</xs:documentation>
															<xs:documentation xml:lang=""en"">ECU software version</xs:documentation>
														</xs:annotation>
														<xs:complexType>
															<xs:simpleContent>
																<xs:extension base=""xs:string"">
																	<xs:attribute name=""type"" type=""xs:string""/>
																</xs:extension>
															</xs:simpleContent>
														</xs:complexType>
													</xs:element>
												</xs:sequence>
											</xs:complexType>
										</xs:element>
									</xs:sequence>
									<xs:attribute name=""sgName"" type=""xs:string"">
										<xs:annotation>
											<xs:documentation xml:lang=""de"">Steuergeraetname bzw. Kuerzel z.B. ""MOTOR6ZYL""</xs:documentation>
											<xs:documentation xml:lang=""en"">Electronic control unit name or mnemonic e.g. ""MOTOR6ZYL""</xs:documentation>
										</xs:annotation>
									</xs:attribute>
									<xs:attribute name=""sgAddress"" type=""xs:string"" use=""required"">
										<xs:annotation>
											<xs:documentation xml:lang=""de"">Steuergeraeteadresse typisch in 1 Byte hex</xs:documentation>
											<xs:documentation xml:lang=""en"">Electronic control unit address typically in 1 byte hex</xs:documentation>
										</xs:annotation>
									</xs:attribute>
									<xs:attribute name=""variantIndex"" type=""xs:string"">
										<xs:annotation>
											<xs:documentation xml:lang=""de"">Steuergeraetvariante max. 4 Zeichen z.B. "".CE."" vgl. Datei ""std_grtb.b2s""</xs:documentation>
											<xs:documentation xml:lang=""en"">Electronic control unit variant max. 4 characters e.g. "".CE."" compare file ""std_grtb.b2s""</xs:documentation>
										</xs:annotation>
									</xs:attribute>
									<xs:attribute name=""diagnosticIndex"" type=""xs:string"">
										<xs:annotation>
											<xs:documentation xml:lang=""de"">Diagnoseindex 4 Zeichen hex z.B. ""0000"" vgl. Datei ""std_grtb.b2s""</xs:documentation>
											<xs:documentation xml:lang=""en"">Diagnostic index 4 characters hex e.g. ""0000"" compare file ""std_grtb.b2s""</xs:documentation>
										</xs:annotation>
									</xs:attribute>
									<xs:attribute name=""sgbdName"" type=""xs:string"">
										<xs:annotation>
											<xs:documentation xml:lang=""de"">SGBD-Name z.B. ""MS450DS0"" vgl. Datei ""std_grtb.b2s""</xs:documentation>
											<xs:documentation xml:lang=""en"">SGBD name e.g. ""MS450DS0"" compare file ""std_grtb.b2s""</xs:documentation>
										</xs:annotation>
									</xs:attribute>
									<xs:attribute name=""groupName"" type=""xs:string"">
										<xs:annotation>
											<xs:documentation xml:lang=""de"">Gruppendateiname z.B. ""D_MOTOR"" vgl. Datei ""std_grtb.b2s""</xs:documentation>
											<xs:documentation xml:lang=""en"">Group filename e.g. ""D_MOTOR"" compare file ""std_grtb.b2s""</xs:documentation>
										</xs:annotation>
									</xs:attribute>
									<xs:attribute name=""codingIndex"" type=""xs:string"">
										<xs:annotation>
											<xs:documentation xml:lang=""de"">Codierindex typisch 2 Zeichen ASCII</xs:documentation>
											<xs:documentation xml:lang=""en"">coding index typically 2 characters ASCII</xs:documentation>
										</xs:annotation>
									</xs:attribute>
									<xs:attribute name=""codingChangeIndex"" type=""xs:string"">
										<xs:annotation>
											<xs:documentation xml:lang=""de"">Aenderungscodierindex typisch 2 Zeichen ASCII</xs:documentation>
											<xs:documentation xml:lang=""en"">coding change index typically 2 characters ASCII</xs:documentation>
										</xs:annotation>
									</xs:attribute>
									<xs:attribute name=""manufacturingDate"" type=""xs:string"">
										<xs:annotation>
											<xs:documentation xml:lang=""de"">SG Herstellungsdatum</xs:documentation>
											<xs:documentation xml:lang=""en"">ECU manufacturing date</xs:documentation>
										</xs:annotation>
									</xs:attribute>
									<xs:attribute name=""supplierNo"" type=""xs:string"">
										<xs:annotation>
											<xs:documentation xml:lang=""de"">Zulieferer Nummer</xs:documentation>
											<xs:documentation xml:lang=""en"">supplier number</xs:documentation>
										</xs:annotation>
									</xs:attribute>
									<xs:attribute name=""hardwareVersion"" type=""xs:string"">
										<xs:annotation>
											<xs:documentation xml:lang=""de"">Version der Hardware</xs:documentation>
											<xs:documentation xml:lang=""en"">hardware version</xs:documentation>
										</xs:annotation>
									</xs:attribute>
									<xs:attribute name=""serialNo"" type=""xs:string"">
										<xs:annotation>
											<xs:documentation xml:lang=""de"">SG Seriennummer</xs:documentation>
											<xs:documentation xml:lang=""en"">ECU serial number</xs:documentation>
										</xs:annotation>
									</xs:attribute>
									<xs:attribute name=""softwareOrderId"" type=""xs:string"">
										<xs:annotation>
											<xs:documentation xml:lang=""de"">ID fuer Steuergeraetesoftware (Strategie Steuergeraetelogistik H.Wolf EE-62)</xs:documentation>
											<xs:documentation xml:lang=""en"">ID for electronic control unit (electronic control unit logistics strategy Mr.Wolf EE-62)</xs:documentation>
										</xs:annotation>
									</xs:attribute>
								</xs:complexType>
							</xs:element>
						</xs:sequence>
					</xs:complexType>
				</xs:element>
				<xs:element name=""plantContainer"" minOccurs=""0"">
					<xs:annotation>
						<xs:documentation xml:lang=""de"">Werkscontainer</xs:documentation>
						<xs:documentation xml:lang=""en"">Plant container</xs:documentation>
					</xs:annotation>
					<xs:complexType>
						<xs:sequence>
							<xs:element name=""plantInfos"" minOccurs=""0"">
								<xs:complexType>
									<xs:sequence>
										<xs:element name=""plantInfo"" minOccurs=""0"" maxOccurs=""unbounded"">
											<xs:annotation>
												<xs:documentation xml:lang=""de"">werksspezifische Informationen</xs:documentation>
												<xs:documentation xml:lang=""en"">plant-specific information</xs:documentation>
											</xs:annotation>
											<xs:complexType>
												<xs:attribute name=""plantInfoName"" type=""xs:string"">
													<xs:annotation>
														<xs:documentation xml:lang=""de"">Werksinfoname ""Name""</xs:documentation>
														<xs:documentation xml:lang=""en"">Plant information name ""Name""</xs:documentation>
													</xs:annotation>
												</xs:attribute>
												<xs:attribute name=""plantInfoValue"" type=""xs:string"">
													<xs:annotation>
														<xs:documentation xml:lang=""de"">Werksinfowert ""Wert""</xs:documentation>
														<xs:documentation xml:lang=""en"">Plant information value ""Value""</xs:documentation>
													</xs:annotation>
												</xs:attribute>
											</xs:complexType>
										</xs:element>
									</xs:sequence>
								</xs:complexType>
							</xs:element>
							<xs:element name=""controlInfos"" minOccurs=""0"">
								<xs:complexType>
									<xs:sequence>
										<xs:element name=""controlInfo"" minOccurs=""0"" maxOccurs=""unbounded"">
											<xs:annotation>
												<xs:documentation xml:lang=""de"">Steuerinformationen</xs:documentation>
												<xs:documentation xml:lang=""en"">Control information</xs:documentation>
											</xs:annotation>
											<xs:complexType>
												<xs:attribute name=""controlInfoName"" type=""xs:string"">
													<xs:annotation>
														<xs:documentation xml:lang=""de"">Steuerfeldname</xs:documentation>
														<xs:documentation xml:lang=""en"">Control field name</xs:documentation>
													</xs:annotation>
												</xs:attribute>
												<xs:attribute name=""controlInfoValue"" type=""xs:string"">
													<xs:annotation>
														<xs:documentation xml:lang=""de"">Steuerfeldwert</xs:documentation>
														<xs:documentation xml:lang=""en"">Control field value</xs:documentation>
													</xs:annotation>
												</xs:attribute>
											</xs:complexType>
										</xs:element>
									</xs:sequence>
								</xs:complexType>
							</xs:element>
						</xs:sequence>
					</xs:complexType>
				</xs:element>
			</xs:all>
			<xs:attribute name=""refSchema"" type=""xs:string"" use=""required"">
				<xs:annotation>
					<xs:documentation xml:lang=""de"">Name des XML-Schemas fuer Validierung z.B. ""orderDataV0123.xsd""</xs:documentation>
					<xs:documentation xml:lang=""en"">Name of the XML schema for validation e.g. ""orderDataV0123.xsd""</xs:documentation>
				</xs:annotation>
			</xs:attribute>
			<xs:attribute name=""header"" type=""xs:string"">
				<xs:annotation>
					<xs:documentation xml:lang=""de"">Auftragskennung Format z.B.""I004"" I004:=neuer- oder update Datensatz I007:=F2-Meldung (Ende Montage - Loeschtelegramm)</xs:documentation>
					<xs:documentation xml:lang=""en"">Order identifier format e.g.""I004"" I004:=new or update data record I007:=F2 message (End of assembly - delete telegrmm)</xs:documentation>
				</xs:annotation>
			</xs:attribute>
			<xs:attribute name=""longVIN"" type=""xs:string"">
				<xs:annotation>
					<xs:documentation xml:lang=""de"">GUID - lange Fahrgestellnummer mit Pruefsumme z.B. ""FPWADR41030GT70375E""</xs:documentation>
					<xs:documentation xml:lang=""en"">GUID - long chassis number with checksum e.g. ""FPWADR41030GT70375E""</xs:documentation>
				</xs:annotation>
			</xs:attribute>
			<xs:attribute name=""shortVIN"" type=""xs:string"">
				<xs:annotation>
					<xs:documentation xml:lang=""de"">GUID - kurze 7-stellige FGNR z.B.""GT70375""</xs:documentation>
					<xs:documentation xml:lang=""en"">GUID - short 7-digit chassis number e.g.""GT70375""</xs:documentation>
				</xs:annotation>
			</xs:attribute>
			<xs:attribute name=""orderId"" type=""xs:string"">
				<xs:annotation>
					<xs:documentation xml:lang=""de"">Ordernummer</xs:documentation>
					<xs:documentation xml:lang=""en"">Order number</xs:documentation>
				</xs:annotation>
			</xs:attribute>
			<xs:attribute name=""customerId"" type=""xs:string"">
				<xs:annotation>
					<xs:documentation xml:lang=""de"">Kundennummer z.B. fuer Teile Drittkundengeschaeft i.d.R. 5 stellig alphanumerisch</xs:documentation>
					<xs:documentation xml:lang=""en"">Customer Id e.q. for the third party parts business, typically 5 alphanumeric digits</xs:documentation>
				</xs:annotation>
			</xs:attribute>
			<xs:attribute name=""fzs"" type=""xs:string"">
				<xs:annotation>
					<xs:documentation xml:lang=""de"">Fahrzeugsteuerschluessel z.B. ""0722741""</xs:documentation>
					<xs:documentation xml:lang=""en"">FZS e.g. ""0722741""</xs:documentation>
				</xs:annotation>
			</xs:attribute>
			<xs:attribute name=""integrationLevel"" type=""xs:string"">
				<xs:annotation>
					<xs:documentation xml:lang=""de"">Integrationsstufe (I-Stufe) altes Format z.B: ""I4.40"" neues Format: Baureihe-Jahr-Monat-Nummer z.B: ""E065-03-04-400""</xs:documentation>
					<xs:documentation xml:lang=""en"">Integration level (I-level) old format e.g: ""I4.40"" new format: Series-Year-Month-Number e.g: ""E065-03-04-400""</xs:documentation>
				</xs:annotation>
			</xs:attribute>
			<xs:attribute name=""clientAdress"" type=""xs:string"">
				<xs:annotation>
					<xs:documentation xml:lang=""de"">IP-Adresse des Fahrzeugs im IPv6 Format z.B:""1060::6:600:200C:326B""</xs:documentation>
					<xs:documentation xml:lang=""en"">IP address of the vehicle in IPv6 format e.g:""1060::6:600:200C:326B""</xs:documentation>
				</xs:annotation>
			</xs:attribute>
			<xs:attribute name=""c1Code"">
				<xs:annotation>
					<xs:documentation xml:lang=""de"">zentraler Codierschluessel C1 mit Pruefsumme z.B. ""C157510003"" (veraltet)</xs:documentation>
					<xs:documentation xml:lang=""en"">central coding key C1 with checksum e.g. ""C157510003"" (obsolete)</xs:documentation>
				</xs:annotation>
				<xs:simpleType>
					<xs:restriction base=""xs:string"">
						<xs:minLength value=""0""/>
						<xs:maxLength value=""11""/>
					</xs:restriction>
				</xs:simpleType>
			</xs:attribute>
			<xs:attribute name=""c2Code"">
				<xs:annotation>
					<xs:documentation xml:lang=""de"">zentraler Codierschluessel C2 mit Pruefsumme z.B. ""C200000A00070015E41"" (veraltet)</xs:documentation>
					<xs:documentation xml:lang=""en"">central coding key C2 with checksum e.g. ""C200000A00070015E41"" (obsolete)</xs:documentation>
				</xs:annotation>
				<xs:simpleType>
					<xs:restriction base=""xs:string"">
						<xs:minLength value=""0""/>
						<xs:maxLength value=""19""/>
					</xs:restriction>
				</xs:simpleType>
			</xs:attribute>
			<xs:attribute name=""c3Code"">
				<xs:annotation>
					<xs:documentation xml:lang=""de"">zentraler Codierschluessel C3 mit Pruefsumme z.B. ""C3000003E7E4T"" (veraltet)</xs:documentation>
					<xs:documentation xml:lang=""en"">central coding key C3 with checksum e.g. ""C3000003E7E4T"" (obsolete)</xs:documentation>
				</xs:annotation>
				<xs:simpleType>
					<xs:restriction base=""xs:string"">
						<xs:minLength value=""0""/>
						<xs:maxLength value=""13""/>
					</xs:restriction>
				</xs:simpleType>
			</xs:attribute>
			<xs:attribute name=""d1Code"">
				<xs:annotation>
					<xs:documentation xml:lang=""de"">Diagnosedatenschluessel ELDI-Barcode D1 mit Pruefsumme z.B. ""D1000017061537100000000B"" (veraltet)</xs:documentation>
					<xs:documentation xml:lang=""en"">Diagnostics data key ELDI barcode D1 with checksum e.g. ""D1000017061537100000000B"" (obsolete)</xs:documentation>
				</xs:annotation>
				<xs:simpleType>
					<xs:restriction base=""xs:string"">
						<xs:minLength value=""0""/>
						<xs:maxLength value=""25""/>
					</xs:restriction>
				</xs:simpleType>
			</xs:attribute>
			<xs:attribute name=""d2Code"">
				<xs:annotation>
					<xs:documentation xml:lang=""de"">Diagnosedatenschluessel ELDI-Barcode D2 mit Pruefsumme z.B. ""D2000000000055A0070050108"" (veraltet)</xs:documentation>
					<xs:documentation xml:lang=""en"">Diagnostics data key ELDI barcode D2 with checksum e.g. ""D2000000000055A0070050108"" (obsolete)</xs:documentation>
				</xs:annotation>
				<xs:simpleType>
					<xs:restriction base=""xs:string"">
						<xs:minLength value=""0""/>
						<xs:maxLength value=""25""/>
					</xs:restriction>
				</xs:simpleType>
			</xs:attribute>
			<xs:attribute name=""d3Code"">
				<xs:annotation>
					<xs:documentation xml:lang=""de"">Diagnosedatenschluessel ELDI-Barcode D3 mit Pruefsumme z.B. ""D3007011000000000F0D0031X"" (veraltet)</xs:documentation>
					<xs:documentation xml:lang=""en"">Diagnostics data key ELDI barcode D3 with checksum e.g. ""D3007011000000000F0D0031X"" (obsolete)</xs:documentation>
				</xs:annotation>
				<xs:simpleType>
					<xs:restriction base=""xs:string"">
						<xs:minLength value=""0""/>
						<xs:maxLength value=""25""/>
					</xs:restriction>
				</xs:simpleType>
			</xs:attribute>
			<xs:attribute name=""d4Code"">
				<xs:annotation>
					<xs:documentation xml:lang=""de"">Diagnosedatenschluessel ELDI-Barcode D4 mit Pruefsumme z.B. ""D4000002200C0030000012F0E"" (veraltet)</xs:documentation>
					<xs:documentation xml:lang=""en"">Diagnostics data key ELDI barcode D4 with checksum e.g. ""D4000002200C0030000012F0E"" (obsolete)</xs:documentation>
				</xs:annotation>
				<xs:simpleType>
					<xs:restriction base=""xs:string"">
						<xs:minLength value=""0""/>
						<xs:maxLength value=""25""/>
					</xs:restriction>
				</xs:simpleType>
			</xs:attribute>
			<xs:attribute name=""engineNumber"" type=""xs:string"">
				<xs:annotation>
					<xs:documentation xml:lang=""de"">MotorNummer z.B. ""33988606""</xs:documentation>
					<xs:documentation xml:lang=""en"">Engine number e.g. ""33988606""</xs:documentation>
				</xs:annotation>
			</xs:attribute>
			<xs:attribute name=""engineCalibrationData"" type=""xs:string"">
				<xs:annotation>
					<xs:documentation xml:lang=""de"">MotorAbgleichDaten 103 Zeichen, Format: ""103;""103 Bytes"""" mal 3</xs:documentation>
					<xs:documentation xml:lang=""en"">Engine calibration data 103 characters, Format: ""103;""103 Bytes"""" times 3</xs:documentation>
				</xs:annotation>
			</xs:attribute>
			<xs:attribute name=""headlightCode"" type=""xs:string"">
				<xs:annotation>
					<xs:documentation xml:lang=""de"">Scheinwerfer Code z.B. ""07""</xs:documentation>
					<xs:documentation xml:lang=""en"">Headlight code e.g. ""07""</xs:documentation>
				</xs:annotation>
			</xs:attribute>
			<xs:attribute name=""radiatorQuantityCode"" type=""xs:string"">
				<xs:annotation>
					<xs:documentation xml:lang=""de"">Kuehlerfuellmengencode (Menge+Typ codiert) z.B. ""12"" </xs:documentation>
					<xs:documentation xml:lang=""en"">radiator quantity code(quantity + type coded) e.g. ""12"" </xs:documentation>
				</xs:annotation>
			</xs:attribute>
			<xs:attribute name=""fuelQuantityCode"" type=""xs:string"">
				<xs:annotation>
					<xs:documentation xml:lang=""de"">Kraftstofffuellmengencode (Menge+Typ codiert) z.B. ""123""</xs:documentation>
					<xs:documentation xml:lang=""en"">fuel quantity code(quantity + type coded) e.g. ""123""</xs:documentation>
				</xs:annotation>
			</xs:attribute>
			<xs:attribute name=""airConditioningQuantityCode"" type=""xs:string"">
				<xs:annotation>
					<xs:documentation xml:lang=""de"">Klimafuellmengencode (Menge+Typ codiert) z.B. ""1""</xs:documentation>
					<xs:documentation xml:lang=""en"">air-conditioning quantity code(quantity + type coded) e.g. ""1""</xs:documentation>
				</xs:annotation>
			</xs:attribute>
			<xs:attribute name=""servoCode"" type=""xs:string"">
				<xs:annotation>
					<xs:documentation xml:lang=""de"">Servofuellmengencode (Menge+Typ codiert) ""1""</xs:documentation>
					<xs:documentation xml:lang=""en"">Servo quantity code (quantity + type coded) ""1""</xs:documentation>
				</xs:annotation>
			</xs:attribute>
			<xs:attribute name=""wheelAlignmentCode"" type=""xs:string"">
				<xs:annotation>
					<xs:documentation xml:lang=""de"">Spurcode z.B. ""99""</xs:documentation>
					<xs:documentation xml:lang=""en"">wheel alignment code e.g. ""99""</xs:documentation>
				</xs:annotation>
			</xs:attribute>
			<xs:attribute name=""serviceDataEWS"" type=""xs:string"">
				<xs:annotation>
					<xs:documentation xml:lang=""de"">EWS Kundendienstdaten z.B. ""02""</xs:documentation>
					<xs:documentation xml:lang=""en"">EWS customer service data e.g. ""02""</xs:documentation>
				</xs:annotation>
			</xs:attribute>
			<xs:attribute name=""fabricCode"" type=""xs:string"">
				<xs:annotation>
					<xs:documentation xml:lang=""de"">PolsterCode z.B. ""D3AT""</xs:documentation>
					<xs:documentation xml:lang=""en"">fabric code e.g. ""D3AT""</xs:documentation>
				</xs:annotation>
			</xs:attribute>
			<xs:attribute name=""colourCode"" type=""xs:string"">
				<xs:annotation>
					<xs:documentation xml:lang=""de"">FarbCode z.B. ""0297""</xs:documentation>
					<xs:documentation xml:lang=""en"">colour code e.g. ""0297""</xs:documentation>
				</xs:annotation>
			</xs:attribute>
			<xs:attribute name=""timeCriteria"" type=""xs:string"">
				<xs:annotation>
					<xs:documentation xml:lang=""de"">Zeit-Kriterium Format MonatJahr z.B. ""0304""</xs:documentation>
					<xs:documentation xml:lang=""en"">time criteria format MonthYear e.g. ""0304""</xs:documentation>
				</xs:annotation>
			</xs:attribute>
			<xs:attribute name=""typeKey"" type=""xs:string"">
				<xs:annotation>
					<xs:documentation xml:lang=""de"">Typschluessel Format TS+Typeschluessel z.B. ""TSAM11""</xs:documentation>
					<xs:documentation xml:lang=""en"">Type key format TS+type key e.g. ""TSAM11""</xs:documentation>
				</xs:annotation>
			</xs:attribute>
			<xs:attribute name=""series"" type=""xs:string"">
				<xs:annotation>
					<xs:documentation xml:lang=""de"">Baureihe z.B. ""E64""</xs:documentation>
					<xs:documentation xml:lang=""en"">series e.g. ""E64""</xs:documentation>
				</xs:annotation>
			</xs:attribute>
			<xs:attribute name=""vehicleType"" type=""xs:string"">
				<xs:annotation>
					<xs:documentation xml:lang=""de"">FahrzeugTyp z.B. ""840I""</xs:documentation>
					<xs:documentation xml:lang=""en"">vehicle type e.g. ""840I""</xs:documentation>
				</xs:annotation>
			</xs:attribute>
			<xs:attribute name=""bodyLayout"" type=""xs:string"">
				<xs:annotation>
					<xs:documentation xml:lang=""de"">Karossenausfuehrung (Normal-, Langkarosse) z.B. ""NK""</xs:documentation>
					<xs:documentation xml:lang=""en"">body layout (normal, long body) e.g. ""NK""</xs:documentation>
				</xs:annotation>
			</xs:attribute>
			<xs:attribute name=""countryVariant"" type=""xs:string"">
				<xs:annotation>
					<xs:documentation xml:lang=""de"">LaenderVariante z.B. ""ECE""</xs:documentation>
					<xs:documentation xml:lang=""en"">country variant e.g. ""ECE""</xs:documentation>
				</xs:annotation>
			</xs:attribute>
			<xs:attribute name=""engineSeries"" type=""xs:string"">
				<xs:annotation>
					<xs:documentation xml:lang=""de"">MotorBaureihe z.B. ""M52""</xs:documentation>
					<xs:documentation xml:lang=""en"">engine series e.g. ""M52""</xs:documentation>
				</xs:annotation>
			</xs:attribute>
			<xs:attribute name=""engineDerivative"" type=""xs:string"">
				<xs:annotation>
					<xs:documentation xml:lang=""de"">Antriebskonzeption (Otto-, Dieselmotor) z.B. ""O""</xs:documentation>
					<xs:documentation xml:lang=""en"">engine derivative (Otto, Diesel engine) e.g. ""O""</xs:documentation>
				</xs:annotation>
			</xs:attribute>
			<xs:attribute name=""fuelPreparationType"" type=""xs:string"">
				<xs:annotation>
					<xs:documentation xml:lang=""de"">Art der Gemischaufbereitung (Einspritzer)  z.B. ""I""</xs:documentation>
					<xs:documentation xml:lang=""en"">Fuel preparation type (injection)  e.g. ""I""</xs:documentation>
				</xs:annotation>
			</xs:attribute>
			<xs:attribute name=""motorSport"" type=""xs:boolean"">
				<xs:annotation>
					<xs:documentation xml:lang=""de"">Motorsport Ja/Nein z.B. ""1""</xs:documentation>
					<xs:documentation xml:lang=""en"">Motor sport Yes/No e.g. ""1""</xs:documentation>
				</xs:annotation>
			</xs:attribute>
			<xs:attribute name=""exhaustType"" type=""xs:string"">
				<xs:annotation>
					<xs:documentation xml:lang=""de"">AbgasNachbehandlung z.B. ""KAT""</xs:documentation>
					<xs:documentation xml:lang=""en"">Exhaust treatment e.g. ""CAT""</xs:documentation>
				</xs:annotation>
			</xs:attribute>
			<xs:attribute name=""gearboxType"" type=""xs:string"">
				<xs:annotation>
					<xs:documentation xml:lang=""de"">Getriebausstattung z.B. Automatik ""AC""</xs:documentation>
					<xs:documentation xml:lang=""en"">Gearbox type e.g. automatic ""AC""</xs:documentation>
				</xs:annotation>
			</xs:attribute>
			<xs:attribute name=""shiftType"" type=""xs:string"">
				<xs:annotation>
					<xs:documentation xml:lang=""de"">Schaltart z.B. ""SCH""</xs:documentation>
					<xs:documentation xml:lang=""en"">shift type e.g. ""SCH""</xs:documentation>
				</xs:annotation>
			</xs:attribute>
			<xs:attribute name=""bodyType"" type=""xs:string"">
				<xs:annotation>
					<xs:documentation xml:lang=""de"">Karosserieform Limousine, Touring, Cabrio ... z.B. ""CP""</xs:documentation>
					<xs:documentation xml:lang=""en"">Body type, limousine, touring, cabrio ... e.g. ""CP""</xs:documentation>
				</xs:annotation>
			</xs:attribute>
			<xs:attribute name=""driveType"" type=""xs:string"">
				<xs:annotation>
					<xs:documentation xml:lang=""de"">LinksRechtsLenker z.B. ""LL""</xs:documentation>
					<xs:documentation xml:lang=""en"">left or right hand drive e.g. ""LL""</xs:documentation>
				</xs:annotation>
			</xs:attribute>
			<xs:attribute name=""driveConfiguration"" type=""xs:string"">
				<xs:annotation>
					<xs:documentation xml:lang=""de"">Antriebsart Bsp. Hinterradantrieb ""HR""</xs:documentation>
					<xs:documentation xml:lang=""en"">drive type e.g. rear wheel drive ""HR""</xs:documentation>
				</xs:annotation>
			</xs:attribute>
			<xs:attribute name=""numberOfDoors"" type=""xs:int"">
				<xs:annotation>
					<xs:documentation xml:lang=""de"">AnzahlTueren z.B. ""2""</xs:documentation>
					<xs:documentation xml:lang=""en"">number of doors e.g. ""2""</xs:documentation>
				</xs:annotation>
			</xs:attribute>
			<xs:attribute name=""productType"" type=""xs:string"">
				<xs:annotation>
					<xs:documentation xml:lang=""de"">Produktart z.B. PKW ""1"" PKW:=1 CKD:=2</xs:documentation>
					<xs:documentation xml:lang=""en"">product type e.g. Car ""1"" Car:=1 CKD:=2</xs:documentation>
				</xs:annotation>
			</xs:attribute>
			<xs:attribute name=""hybridType"" type=""xs:string"">
				<xs:annotation>
					<xs:documentation xml:lang=""de"">Hybridart: z.B. HYBR, NOHY, PHEV, EELV, BEVE, EREX</xs:documentation>
					<xs:documentation xml:lang=""en"">hybrid type: e.g. HYBR, NOHY, PHEV, EELV, BEVE, EREX</xs:documentation>
				</xs:annotation>
			</xs:attribute>
			<xs:attribute name=""engineSize"" type=""xs:float"">
				<xs:annotation>
					<xs:documentation xml:lang=""de"">Hubraum z.B. 1,8 Liter ""1.80""</xs:documentation>
					<xs:documentation xml:lang=""en"">engine size e.g. 1.8 litre ""1.80""</xs:documentation>
				</xs:annotation>
			</xs:attribute>
			<xs:attribute name=""sequenceNo"" type=""xs:string"">
				<xs:annotation>
					<xs:documentation xml:lang=""de"">Sequenznummer fuer Vorgaenger- Nachfolgerbeziehung bei FZG</xs:documentation>
					<xs:documentation xml:lang=""en"">Sequence number with reference to prior or following for FZG</xs:documentation>
				</xs:annotation>
			</xs:attribute>
			<xs:attribute name=""securityVehicle"" type=""xs:boolean"">
				<xs:annotation>
					<xs:documentation xml:lang=""de"">Sicherheitsfahrzeug Ja/Nein (z.B. 540i 3, 740iL PL, 750iL 3, 750iL PL=""1"")</xs:documentation>
					<xs:documentation xml:lang=""en"">Security vehicle Yes/No (e.g. 540i 3, 740iL PL, 750iL 3, 750iL PL=""1"")</xs:documentation>
				</xs:annotation>
			</xs:attribute>
		</xs:complexType>
	</xs:element>
</xs:schema>"
